episode,steps,X,Y,yaw,steer,throttle,action,reward,done,all_wheels_on_track,progress,closest_waypoint,track_len,tstamp,episode_status,pause_duration,obstacle_crash_counter
20,1.0,0.09777588851949488,1.044621390494583,131.7540616833929,24.806957661793405,1.4832059946680012,[24.806957661793405 1.4832059946680012],0.0,False,True,0.4211362033411912,1,33.2752652951703,54.308,prepare,0.0,0
20,2.0,0.09788475794851122,1.0445381391240556,131.7375239750623,16.33163056769113,1.8836253976406319,[16.33163056769113 1.8836253976406319],1.0,False,True,0.42073080791072565,1,33.2752652951703,54.369,in_progress,0.0,0
20,3.0,0.09369842797339152,1.0495763312683857,131.6511679563456,-30.0,3.0,[-30.0 3.0],1.0,False,True,0.44039475329235395,1,33.2752652951703,54.447,in_progress,0.0,0
20,4.0,0.08435073443438663,1.0662651251462871,129.88411949717715,0.19357381057414003,2.3824375478939817,[0.19357381057414003 2.3824375478939817],1.0,False,True,0.49636921745264917,1,33.2752652951703,54.511,in_progress,0.0,0
20,5.0,0.06554003998168548,1.0958156384282196,128.71536372912817,-7.572660797793091,2.4990764896398923,[-7.572660797793091 2.4990764896398923],1.0,False,True,0.6000613106839638,2,33.2752652951703,54.586,in_progress,0.0,0
20,6.0,0.03725211404359513,1.1334210294917877,128.33693613178372,-18.212465829733432,1.3816559354982487,[-18.212465829733432 1.3816559354982487],1.0,False,True,0.7408356280006203,2,33.2752652951703,54.647,in_progress,0.0,0
20,7.0,0.007128918624835584,1.1850401777632686,126.43508922647868,10.587735572199016,1.9500554546071998,[10.587735572199016 1.9500554546071998],1.0,False,True,0.916420681069208,2,33.2752652951703,54.715,in_progress,0.0,0
20,8.0,-0.03107230518863109,1.2481910862519068,125.08068366963401,2.216450497267992,2.8311849839144783,[2.216450497267992 2.8311849839144783],1.0,False,True,1.1339651895220912,3,33.2752652951703,54.777,in_progress,0.0,0
20,9.0,-0.08286815723511295,1.3077870393530733,126.8923024983181,25.824411343804023,1.522675289311029,[25.824411343804023 1.522675289311029],1.0,False,True,1.3727896745214654,3,33.2752652951703,54.831,in_progress,0.0,0
20,10.0,-0.14817305360951086,1.3595585097318676,131.47859150603418,17.502787627313403,1.5343900733494904,[17.502787627313403 1.5343900733494904],1.0,False,True,1.6195296017015977,3,33.2752652951703,54.908,in_progress,0.0,0
20,11.0,-0.24389307451699066,1.4123629008512384,139.40376012476835,30.0,2.4538125622575007,[30.0 2.4538125622575007],1.0,False,True,1.9294201405613824,4,33.2752652951703,54.974,in_progress,0.0,0
20,12.0,-0.34932491323577713,1.453609955820051,147.80490550563766,30.0,1.5569270486219995,[30.0 1.5569270486219995],1.0,False,True,2.232458275625382,4,33.2752652951703,55.053,in_progress,0.0,0
20,13.0,-0.4610259836997254,1.48080199652324,156.49682301609295,-30.0,3.0,[-30.0 3.0],0.5,False,True,2.5164644401107186,4,33.2752652951703,55.106,in_progress,0.0,0
20,14.0,-0.5678871569696952,1.5043494709191227,160.9489708005467,-11.238775644514185,1.0,[-11.238775644514185 1.0],0.5,False,True,2.78262284959302,5,33.2752652951703,55.178,in_progress,0.0,0
20,15.0,-0.6778773122955969,1.5501976147054242,159.41947133648964,30.0,1.3600878852764478,[30.0 1.3600878852764478],0.1,False,True,3.105136077767418,5,33.2752652951703,55.245,in_progress,0.0,0
20,16.0,-0.7766871777258411,1.5886174205934949,159.21872434347918,-25.079167761575984,3.0,[-25.079167761575984 3.0],0.1,False,True,3.388090887298582,5,33.2752652951703,55.313,in_progress,0.0,0
20,17.0,-0.8748732506697279,1.6270253113067457,158.58174301354785,26.017634808850104,2.0831058267595393,[26.017634808850104 2.0831058267595393],0.1,False,True,3.6702373336327856,6,33.2752652951703,55.362,in_progress,0.0,0
20,18.0,-0.9771700535189876,1.6764887025652988,156.67230346696968,-30.0,2.791619914170056,[-30.0 2.791619914170056],0.1,False,True,3.98543745365529,6,33.2752652951703,55.439,in_progress,0.0,0
20,19.0,-1.0950733952144884,1.7317859089739658,155.54726074794254,24.803226478286106,2.233506878549414,[24.803226478286106 2.233506878549414],0.1,False,False,4.34439739571452,6,33.2752652951703,55.502,in_progress,0.0,0
20,20.0,-1.2012553816692295,1.788744011635899,153.87885904843202,-30.0,2.0052759436243424,[-30.0 2.0052759436243424],0.1,False,False,4.684149419659855,7,33.2752652951703,55.566,in_progress,0.0,0
20,21.0,-1.3256440267320602,1.8520925604202496,153.2389052727157,-16.15815244493752,1.045040169457832,[-16.15815244493752 1.045040169457832],0.001,False,False,5.073895342902904,7,33.2752652951703,55.635,in_progress,0.0,0
20,22.0,-1.4365682452312893,1.9232854460773405,150.3864536305699,-16.86749902123391,1.0,[-16.86749902123391 1.0],0.001,False,False,5.455069164152071,8,33.2752652951703,55.71,in_progress,0.0,0
20,23.0,-1.5232142222255307,1.9925351035661523,146.7924967894299,29.319443783900176,1.9422813865429394,[29.319443783900176 1.9422813865429394],0.001,False,False,5.783501047849284,8,33.2752652951703,55.771,in_progress,0.0,0
20,24.0,-1.6033777525306987,2.049198744508758,146.1626652864454,30.0,1.0,[30.0 1.0],0.001,False,False,6.069913461362664,8,33.2752652951703,55.825,in_progress,0.0,0
20,25.0,-1.6927538929468995,2.096999095772815,148.19037328964257,13.468176422214256,1.0117178642762972,[13.468176422214256 1.0117178642762972],0.001,True,False,6.355479361261492,9,33.2752652951703,55.908,off_track,0.0,0
21,1.0,-1.0099968690750254,2.285845301743007,131.50080755754402,30.0,3.0,[30.0 3.0],0.0,False,True,0.42093585570531156,8,33.2752652951703,56.037,prepare,0.0,0
21,2.0,-1.0099816735555476,2.2857685667697885,131.52502632684772,4.324223300833012,1.0,[4.324223300833012 1.0],1.0,False,True,0.4207329340821825,8,33.2752652951703,56.114,in_progress,0.0,0
21,3.0,-1.0163029164869863,2.2918947228471915,131.62012686269648,30.0,2.497565630753833,[30.0 2.497565630753833],1.0,False,True,0.4471101721402492,8,33.2752652951703,56.181,in_progress,0.0,0
21,4.0,-1.0385379637628178,2.3034342862778328,134.03880607018831,30.0,2.880064950938526,[30.0 2.880064950938526],1.0,False,True,0.5173723977565221,8,33.2752652951703,56.233,in_progress,0.0,0
21,5.0,-1.0752716838708076,2.314796106173851,138.4830034321763,-30.0,2.639696009956487,[-30.0 2.639696009956487],1.0,False,True,0.6161205956785814,8,33.2752652951703,56.314,in_progress,0.0,0
21,6.0,-1.125556915595233,2.339468006784716,141.86076389445415,-29.82229566823847,1.9456804564129095,[-29.82229566823847 1.9456804564129095],1.0,False,True,0.7718142253331686,8,33.2752652951703,56.376,in_progress,0.0,0
21,7.0,-1.1637675820839277,2.380822971795711,139.82869671863165,4.539841595667426,2.522127067345263,[4.539841595667426 2.522127067345263],1.0,False,True,0.94091884587576,8,33.2752652951703,56.443,in_progress,0.0,0
21,8.0,-1.2066389595754625,2.434938311227998,136.81248420517724,0.6521273802549246,2.0301169408360575,[0.6521273802549246 2.0301169408360575],1.0,False,True,1.1480920185545467,8,33.2752652951703,56.504,in_progress,0.0,0
21,9.0,-1.2776874377887144,2.500624193509024,136.94166487300924,-30.0,1.4140728921395889,[-30.0 1.4140728921395889],1.0,False,True,1.4374179607848023,9,33.2752652951703,56.571,in_progress,0.0,0
21,10.0,-1.3497131583934376,2.5737867745885357,135.97812182632342,-24.956926585537662,2.9837977901404567,[-24.956926585537662 2.9837977901404567],1.0,False,True,1.7455183641077774,9,33.2752652951703,56.643,in_progress,0.0,0
21,11.0,-1.4095306143874435,2.6535029649775117,132.55080247085107,29.391720546551724,2.960234718141238,[29.391720546551724 2.960234718141238],1.0,False,True,2.0439989825655465,9,33.2752652951703,56.708,in_progress,0.0,0
21,12.0,-1.4719409217371546,2.737648796851976,130.27723024105188,30.0,1.0,[30.0 1.0],1.0,False,True,2.3576825480075616,10,33.2752652951703,56.771,in_progress,0.0,0
21,13.0,-1.5531484750486781,2.818068025627287,132.55912042587818,20.22237502163985,2.00414472025581,[20.22237502163985 2.00414472025581],1.0,False,True,2.7005226374943625,10,33.2752652951703,56.842,in_progress,0.0,0
21,14.0,-1.6420657601048716,2.8886993665791083,136.28371067457255,-3.1715084582561808,1.8192098929838498,[-3.1715084582561808 1.8192098929838498],1.0,False,True,3.036588848274731,10,33.2752652951703,56.915,in_progress,0.0,0
21,15.0,-1.728798182837009,2.9553287473553627,138.59304275049072,-11.900936298947542,1.557134125685954,[-11.900936298947542 1.557134125685954],1.0,False,True,3.359298074460447,11,33.2752652951703,56.973,in_progress,0.0,0
21,16.0,-1.805599182598489,3.030375329994196,137.38303321531234,-30.0,1.1537443765289639,[-30.0 1.1537443765289639],0.5,False,True,3.6819044077954737,11,33.2752652951703,57.039,in_progress,0.0,0
21,17.0,-1.8748714740340366,3.1058731906535746,135.59222745068197,-13.987622040168493,2.1919114616012436,[-13.987622040168493 2.1919114616012436],0.5,False,True,3.9897927642040267,11,33.2752652951703,57.099,in_progress,0.0,0
21,18.0,-1.931781361247953,3.1784727020984263,132.91057972813996,13.85357355909371,2.043181436901031,[13.85357355909371 2.043181436901031],0.5,False,True,4.266476764587121,12,33.2752652951703,57.173,in_progress,0.0,0
21,19.0,-2.0035267301721325,3.2721594969793277,130.66136429475148,2.9962545243561607,2.300792427530749,[2.9962545243561607 2.300792427530749],1.0,False,True,4.630775190372205,12,33.2752652951703,57.237,in_progress,0.0,0
21,20.0,-2.0893265738995535,3.363455899318067,131.82095273495767,-30.0,2.8628111552310247,[-30.0 2.8628111552310247],1.0,False,True,5.007259351877474,13,33.2752652951703,57.302,in_progress,0.0,0
21,21.0,-2.1727412250006783,3.4559574575324237,131.81965031612606,-9.423741003760767,2.4210824181191377,[-9.423741003760767 2.4210824181191377],1.0,False,True,5.381375909074267,13,33.2752652951703,57.365,in_progress,0.0,0
21,22.0,-2.2571508540073304,3.574986969869114,128.40854724678616,-11.81867547455057,1.0,[-11.81867547455057 1.0],1.0,False,True,5.834544652554626,13,33.2752652951703,57.446,in_progress,0.0,0
21,23.0,-2.332353867276825,3.7144395136062465,122.88062697882127,-6.489069046164396,1.0,[-6.489069046164396 1.0],1.0,False,True,6.273336909564571,14,33.2752652951703,57.504,in_progress,0.0,0
21,24.0,-2.374827191056302,3.8205311833245954,118.22169009014219,30.0,3.0,[30.0 3.0],1.0,False,True,6.5179467456630835,14,33.2752652951703,57.573,in_progress,0.0,0
21,25.0,-2.414732420761072,3.923080152475105,115.54616314617154,-30.0,2.484003432845704,[-30.0 2.484003432845704],0.5,False,True,6.761876814234277,14,33.2752652951703,57.643,in_progress,0.0,0
21,26.0,-2.466122640797092,4.046803172715528,114.03963311617709,2.55977559910383,1.8743592787299548,[2.55977559910383 1.8743592787299548],0.1,False,True,7.064919186340761,15,33.2752652951703,57.712,in_progress,0.0,0
21,27.0,-2.515925735871226,4.179483169158488,112.37229107460732,15.666223729717238,1.0,[15.666223729717238 1.0],0.1,False,True,7.232253208754434,15,33.2752652951703,57.782,in_progress,0.0,0
21,28.0,-2.566995213870312,4.286693590888776,113.6437386672492,-30.0,1.3870862708522202,[-30.0 1.3870862708522202],0.1,False,True,7.332804564913549,15,33.2752652951703,57.837,in_progress,0.0,0
21,29.0,-2.610474776584387,4.3791868440575055,114.23312299014763,1.5087448847764264,2.36610699322486,[1.5087448847764264 2.36610699322486],0.001,False,False,7.519133771183266,15,33.2752652951703,57.912,in_progress,0.0,0
21,30.0,-2.6522768821217766,4.488729535569738,112.84221901836997,20.84807506696555,3.0,[20.84807506696555 3.0],0.001,False,False,7.711336875322012,16,33.2752652951703,57.976,in_progress,0.0,0
21,31.0,-2.717486084980621,4.620020484537987,114.88506942433983,11.546280339863834,2.1835640053922556,[11.546280339863834 2.1835640053922556],0.001,True,False,7.986081586844652,16,33.2752652951703,58.048,off_track,0.0,0
22,1.0,-2.1228769154479137,3.5225635064246403,133.90020736711188,-2.8041208161032536,2.341585605520593,[-2.8041208161032536 2.341585605520593],0.0,False,True,0.4213849454058935,13,33.2752652951703,58.167,prepare,0.0,0
22,2.0,-2.1227501615072257,3.5223429554577748,133.95173519561803,-27.40789024136283,2.9270167739935022,[-27.40789024136283 2.9270167739935022],1.0,False,True,0.42067267124943214,13,33.2752652951703,58.243,in_progress,0.0,0
22,3.0,-2.1313842421095446,3.5294606981307357,134.37086119086968,-1.3539989716243497,2.6403906444723906,[-1.3539989716243497 2.6403906444723906],1.0,False,True,0.45429798918849296,13,33.2752652951703,58.307,in_progress,0.0,0
22,4.0,-2.1487185724483053,3.549709222119126,133.89584727684246,12.126173230669892,1.613768055250824,[12.126173230669892 1.613768055250824],1.0,False,True,0.5330310647636644,13,33.2752652951703,58.376,in_progress,0.0,0
22,5.0,-2.177166867443197,3.5711457821665586,135.1371724046805,-2.2315561279301157,1.0,[-2.2315561279301157 1.0],1.0,False,True,0.6400255986278303,13,33.2752652951703,58.435,in_progress,0.0,0
22,6.0,-2.2165301410743736,3.6023474023965067,136.42740428380912,6.43230933973463,1.1041538899971117,[6.43230933973463 1.1041538899971117],1.0,False,True,0.7909732647117529,13,33.2752652951703,58.504,in_progress,0.0,0
22,7.0,-2.2704154927079485,3.6384753106197643,138.88848055685534,-29.928898884032556,2.3952945769539227,[-29.928898884032556 2.3952945769539227],1.0,False,True,0.9852047121217095,14,33.2752652951703,58.569,in_progress,0.0,0
22,8.0,-2.3255488938776003,3.674721125325941,140.7258683813097,24.49189216321946,1.4318163930367513,[24.49189216321946 1.4318163930367513],1.0,False,True,1.1825805892368728,14,33.2752652951703,58.641,in_progress,0.0,0
22,9.0,-2.3845382073587835,3.7198991447499328,141.17116499743602,-10.576930513396889,1.9988891057144906,[-10.576930513396889 1.9988891057144906],1.0,False,True,1.410277790174179,14,33.2752652951703,58.711,in_progress,0.0,0
22,10.0,-2.4589407973700323,3.7714413314549002,142.56401578656892,28.67502651571344,1.0,[28.67502651571344 1.0],1.0,False,True,1.6793369791933008,14,33.2752652951703,58.778,in_progress,0.0,0
22,11.0,-2.527328616369491,3.82773896941204,141.83502597694752,-9.645347979190493,2.8481239438672876,[-9.645347979190493 2.8481239438672876],1.0,False,True,1.9385115546153728,15,33.2752652951703,58.842,in_progress,0.0,0
22,12.0,-2.603055310632796,3.8850602791068587,141.94931254848254,-30.0,1.0,[-30.0 1.0],1.0,False,True,2.2188252534624393,15,33.2752652951703,58.917,in_progress,0.0,0
22,13.0,-2.673827347839063,3.9517116341657252,140.10188230249128,-3.878718968452297,2.0638808305861946,[-3.878718968452297 2.0638808305861946],0.5,False,True,2.434415266207647,15,33.2752652951703,58.974,in_progress,0.0,0
22,14.0,-2.7303948689708677,4.012908673176028,137.7085802241579,-30.0,1.58206398201309,[-30.0 1.58206398201309],0.5,False,True,2.6393650241088693,15,33.2752652951703,59.038,in_progress,0.0,0
22,15.0,-2.796140103266497,4.086436097603085,135.4389263972983,30.0,1.558988544091091,[30.0 1.558988544091091],0.5,False,True,2.879088071906852,16,33.2752652951703,59.101,in_progress,0.0,0
22,16.0,-2.864078987278299,4.169922679367223,132.9013267454588,0.7942953872232081,1.0384463621151114,[0.7942953872232081 1.0384463621151114],0.1,False,True,3.1315650639927584,16,33.2752652951703,59.18,in_progress,0.0,0
22,17.0,-2.940433280835667,4.241898742142428,134.2753216840268,-5.869129109992322,2.3371242533392924,[-5.869129109992322 2.3371242533392924],0.1,False,True,3.2537842176447285,16,33.2752652951703,59.24,in_progress,0.0,0
22,18.0,-3.007826927315291,4.310860214031043,134.2539083007271,9.187403514316394,2.6640409141649717,[9.187403514316394 2.6640409141649717],0.1,False,True,3.468897357900108,16,33.2752652951703,59.304,in_progress,0.0,0
22,19.0,-3.087277595988039,4.386826009778924,135.0857938726853,-29.274312762626604,2.572360113102592,[-29.274312762626604 2.572360113102592],0.1,False,False,3.721491621260431,17,33.2752652951703,59.358,in_progress,0.0,0
22,20.0,-3.1688621286292316,4.4694733109586,134.85339032021403,30.0,1.6985946223446793,[30.0 1.6985946223446793],0.001,False,False,3.981743354757525,17,33.2752652951703,59.427,in_progress,0.0,0
22,21.0,-3.249503480678799,4.560539664518233,133.24492700920933,30.0,1.9355293743910662,[30.0 1.9355293743910662],0.001,False,False,4.0530130106488125,17,33.2752652951703,59.508,in_progress,0.0,0
22,22.0,-3.362622630158306,4.65613321614652,136.71096476455597,-22.315872727991422,2.3245923505438757,[-22.315872727991422 2.3245923505438757],0.001,True,False,4.0842387796273725,17,33.2752652951703,59.572,off_track,0.0,0
23,1.0,-3.644431896001481,3.780503200328828,-141.5298067351038,30.0,1.8192249910722635,[30.0 1.8192249910722635],0.0,False,True,0.4215772279617891,19,33.2752652951703,59.705,prepare,0.0,0
23,2.0,-3.6441836973561537,3.7806424504800478,-141.5169877872142,21.948391021168455,1.5405063873699494,[21.948391021168455 1.5405063873699494],1.0,False,True,0.4207329340821797,19,33.2752652951703,59.769,in_progress,0.0,0
23,3.0,-3.651494152810803,3.774781710876118,-141.6428808604757,-2.0446926091860256,1.3080249951334872,[-2.0446926091860256 1.3080249951334872],1.0,False,True,0.44889080794300595,19,33.2752652951703,59.843,in_progress,0.0,0
23,4.0,-3.673266886457436,3.7583877384653093,-141.81630141983862,8.962508098342461,1.2544236136088465,[8.962508098342461 1.2544236136088465],1.0,False,True,0.5307691036866319,19,33.2752652951703,59.906,in_progress,0.0,0
23,5.0,-3.700513264488156,3.7359104199566895,-141.71628075980595,-30.0,1.0,[-30.0 1.0],1.0,False,True,0.63690051661216,19,33.2752652951703,59.985,in_progress,0.0,0
23,6.0,-3.7503830294144267,3.710319882104033,-144.11479612119922,0.19380123514957148,2.430832105685039,[0.19380123514957148 2.430832105685039],1.0,False,True,0.8020749572361374,19,33.2752652951703,60.027,in_progress,0.0,0
23,7.0,-3.805426457832118,3.68977146084536,-147.66320012118655,21.10699141696975,1.0,[21.10699141696975 1.0],1.0,False,True,0.9134168623083028,19,33.2752652951703,60.109,in_progress,0.0,0
23,8.0,-3.8588606378002366,3.6490552335759547,-146.67776244367963,-30.0,2.1938878414963012,[-30.0 2.1938878414963012],1.0,False,True,1.0876838259734567,19,33.2752652951703,60.175,in_progress,0.0,0
23,9.0,-3.9187214234752337,3.6034682398925333,-145.70249758494577,9.233537338570272,1.7674992334914192,[9.233537338570272 1.7674992334914192],0.5,False,True,1.2828372244598736,19,33.2752652951703,60.234,in_progress,0.0,0
23,10.0,-3.9857000972806,3.555496880227156,-145.3235924787519,0.9150272224705489,3.0,[0.9150272224705489 3.0],0.5,False,True,1.4927577198734139,20,33.2752652951703,60.297,in_progress,0.0,0
23,11.0,-4.066107315267618,3.4908342401777475,-143.82770665623718,30.0,1.0852843452592151,[30.0 1.0852843452592151],0.5,False,True,1.764423134335974,20,33.2752652951703,60.373,in_progress,0.0,0
23,12.0,-4.144141897379004,3.4278691808505406,-142.81880346259834,-26.843613057663003,2.0636536071846643,[-26.843613057663003 2.0636536071846643],0.1,False,True,1.8329054889260759,20,33.2752652951703,60.446,in_progress,0.0,0
23,13.0,-4.226533961690371,3.362656588360099,-142.46336861901915,5.448750415124223,2.107927216538428,[5.448750415124223 2.107927216538428],0.1,False,True,2.0624775230582646,20,33.2752652951703,60.513,in_progress,0.0,0
23,14.0,-4.321878432283499,3.292509788337812,-142.84150040156462,-23.96416902906024,2.08389061257468,[-23.96416902906024 2.08389061257468],0.1,False,True,2.3123252997431094,21,33.2752652951703,60.576,in_progress,0.0,0
23,15.0,-4.403192279435246,3.2315803137596326,-143.03408437309162,25.903013007683946,1.0,[25.903013007683946 1.0],0.001,False,False,2.528693233334145,21,33.2752652951703,60.641,in_progress,0.0,0
23,16.0,-4.499171406235002,3.1706799648047475,-145.16853646369412,-30.0,2.588412167924904,[-30.0 2.588412167924904],0.001,False,False,2.6788805253515013,21,33.2752652951703,60.717,in_progress,0.0,0
23,17.0,-4.6094614808124685,3.1087656434714743,-148.01055983209156,-0.24459685587541458,2.978548440262214,[-0.24459685587541458 2.978548440262214],0.001,False,False,2.754862843285652,21,33.2752652951703,60.765,in_progress,0.0,0
23,18.0,-4.70944992638607,3.061729033237052,-150.78314143580258,-8.222853226293793,1.591959146282887,[-8.222853226293793 1.591959146282887],0.001,True,False,2.9063937295202598,21,33.2752652951703,60.836,off_track,0.0,0
24,1.0,-3.9037123012984454,2.1986190303910287,-86.80269093685962,13.594604560222066,1.4954736937024204,[13.594604560222066 1.4954736937024204],0.0,False,True,0.4210943861740368,24,33.2752652951703,60.973,prepare,0.0,0
24,2.0,-3.9038169800518534,2.1987916594093,-86.81786189828172,5.424044937055321,3.0,[5.424044937055321 3.0],1.0,False,True,0.42050764909773164,24,33.2752652951703,61.035,in_progress,0.0,0
24,3.0,-3.9056598957060324,2.1936276821698755,-87.42474224804221,23.259152763378374,2.468870063986824,[23.259152763378374 2.468870063986824],1.0,False,True,0.4338168520963387,24,33.2752652951703,61.103,in_progress,0.0,0
24,4.0,-3.9015353124606724,2.178659799913543,-86.80263447569406,-30.0,1.286353735137009,[-30.0 1.286353735137009],1.0,False,True,0.4804671655975423,24,33.2752652951703,61.177,in_progress,0.0,0
24,5.0,-3.901449131780259,2.156124087034044,-86.77875754438772,14.753849771715778,1.0,[14.753849771715778 1.0],1.0,False,True,0.5454813983031354,24,33.2752652951703,61.235,in_progress,0.0,0
24,6.0,-3.8995234426657017,2.122704502782867,-86.85996356516863,-30.0,1.8976250296072994,[-30.0 1.8976250296072994],1.0,False,True,0.6434283010559511,24,33.2752652951703,61.314,in_progress,0.0,0
24,7.0,-3.8948729653972918,2.079004961054731,-86.3876209726541,-14.013609024890638,2.2110480732246547,[-14.013609024890638 2.2110480732246547],1.0,False,True,0.7733225980004393,24,33.2752652951703,61.376,in_progress,0.0,0
24,8.0,-3.906951625406121,2.0238278972925206,-90.01333697621354,-0.3932914297753207,1.741879788354473,[-0.3932914297753207 1.741879788354473],1.0,False,True,0.9220239973398464,25,33.2752652951703,61.437,in_progress,0.0,0
24,9.0,-3.923803399745635,1.952476913008197,-93.81402842969736,24.707052716120337,3.0,[24.707052716120337 3.0],1.0,False,True,1.1132627214822999,25,33.2752652951703,61.51,in_progress,0.0,0
24,10.0,-3.9389450388919487,1.8667891811749064,-95.6625880382862,17.068629159344326,1.0,[17.068629159344326 1.0],0.5,False,True,1.3164839080899466,25,33.2752652951703,61.57,in_progress,0.0,0
24,11.0,-3.934935372001048,1.787558064273508,-93.27167971266434,-30.0,1.4685373142851368,[-30.0 1.4685373142851368],0.5,False,True,1.3164839080899466,25,33.2752652951703,61.628,in_progress,0.0,0
24,12.0,-3.929944018905412,1.708140910029831,-91.12984698920047,30.0,1.4236538726237329,[30.0 1.4236538726237329],0.5,False,True,1.4618147554391698,25,33.2752652951703,61.709,in_progress,0.0,0
24,13.0,-3.934289819007596,1.6204718991232678,-91.72306410971795,-30.0,1.2794493165194905,[-30.0 1.2794493165194905],0.1,False,True,1.622923414044017,25,33.2752652951703,61.775,in_progress,0.0,0
24,14.0,-3.934196759990421,1.5374514680846052,-91.23219931131858,30.0,3.0,[30.0 3.0],0.1,False,True,1.7851091710297973,26,33.2752652951703,61.846000000000004,in_progress,0.0,0
24,15.0,-3.9344344702521643,1.4341580623991774,-90.55750740182997,23.543948169297913,1.6793457053067569,[23.543948169297913 1.6793457053067569],0.1,False,True,1.9860914620796781,26,33.2752652951703,61.907,in_progress,0.0,0
24,16.0,-3.91261459871548,1.328510501747871,-85.72881953161409,-4.527199278384309,1.1547757989508394,[-4.527199278384309 1.1547757989508394],0.001,False,False,2.2176730700548983,26,33.2752652951703,61.976,in_progress,0.0,0
24,17.0,-3.8939037246604356,1.2292876023061021,-83.3120938815756,-30.0,1.0,[-30.0 1.0],0.001,False,False,2.2176730700548983,26,33.2752652951703,62.036,in_progress,0.0,0
24,18.0,-3.884896350045795,1.1413038211828175,-83.5941640368622,30.0,1.2400334845719012,[30.0 1.2400334845719012],0.001,False,False,2.2176730700548983,26,33.2752652951703,62.095,in_progress,0.0,0
24,19.0,-3.876119341576449,1.0589583625387042,-83.81921329323534,30.0,3.0,[30.0 3.0],0.001,True,False,2.2176730700548983,26,33.2752652951703,62.171,off_track,0.0,0
25,1.0,-2.7279479324316545,1.1955410999778935,-73.21390087368225,-30.0,2.040183262337315,[-30.0 2.040183262337315],0.0,False,True,0.42188344681370893,30,33.2752652951703,62.31,prepare,0.0,0
25,2.0,-2.728241797990905,1.195852422578984,-73.2405527200982,-16.921699790048322,1.2257876588275582,[-16.921699790048322 1.2257876588275582],1.0,False,True,0.42073293408218526,30,33.2752652951703,62.383,in_progress,0.0,0
25,3.0,-2.725653048010847,1.1909452485040772,-72.93273697715225,-0.7441175410457177,3.0,[-0.7441175410457177 3.0],1.0,False,True,0.43709707985005175,30,33.2752652951703,62.442,in_progress,0.0,0
25,4.0,-2.72158184354754,1.1715193760726141,-73.29152501297246,0.7587821540998583,1.0,[0.7587821540998583 1.0],1.0,False,True,0.49652465851032224,30,33.2752652951703,62.511,in_progress,0.0,0
25,5.0,-2.7079087766061445,1.1366400284528948,-72.57395753393965,18.986994701165862,2.7449241311856514,[18.986994701165862 2.7449241311856514],1.0,False,True,0.6087416214229258,30,33.2752652951703,62.573,in_progress,0.0,0
25,6.0,-2.680340763157862,1.089941942797623,-69.52395660124063,7.029183045184652,2.4122619361473094,[7.029183045184652 2.4122619361473094],1.0,False,True,0.7670089725258289,30,33.2752652951703,62.63,in_progress,0.0,0
25,7.0,-2.6399998973011023,1.039837424743968,-64.900777738163,-10.0045492588137,1.0588960098953382,[-10.0045492588137 1.0588960098953382],1.0,False,True,0.8714914971005405,30,33.2752652951703,62.701,in_progress,0.0,0
25,8.0,-2.5964170758182537,0.9791856354913191,-61.782414822803574,-30.0,1.955630808907149,[-30.0 1.955630808907149],0.5,False,True,1.0180007583148354,30,33.2752652951703,62.773,in_progress,0.0,0
25,9.0,-2.56310897308205,0.8997234393578322,-63.724021101226775,14.470802004038589,1.6423167029128778,[14.470802004038589 1.6423167029128778],0.5,False,True,1.2267010883377893,30,33.2752652951703,62.836,in_progress,0.0,0
25,10.0,-2.5397462248662457,0.8185940416714148,-67.08565195320183,-22.09912734673745,1.9443265292230982,[-22.09912734673745 1.9443265292230982],0.5,False,True,1.4472754222777329,31,33.2752652951703,62.905,in_progress,0.0,0
25,11.0,-2.509098122132151,0.7243224236016816,-69.17967629467076,6.601744483563927,2.332827260245689,[6.601744483563927 2.332827260245689],0.1,False,True,1.7011156445862652,31,33.2752652951703,62.972,in_progress,0.0,0
25,12.0,-2.4795449780824717,0.6184531414469141,-71.21369669750042,3.345504484449428,1.0,[3.345504484449428 1.0],0.1,False,True,1.7549544094817238,31,33.2752652951703,63.043,in_progress,0.0,0
25,13.0,-2.4330820371396626,0.5227175995570499,-68.52510760951492,30.0,1.6670771748566529,[30.0 1.6670771748566529],0.1,False,True,1.9443117447781377,31,33.2752652951703,63.098,in_progress,0.0,0
25,14.0,-2.3723186766997326,0.42986913857044917,-63.695848781220924,-7.173724836219769,2.144969195900562,[-7.173724836219769 2.144969195900562],0.001,False,False,2.1059478808526877,31,33.2752652951703,63.179,in_progress,0.0,0
25,15.0,-2.3103546468876903,0.3427853638170446,-60.04782030276678,2.497720587350848,3.0,[2.497720587350848 3.0],0.001,False,False,2.2505768636999046,32,33.2752652951703,63.241,in_progress,0.0,0
25,16.0,-2.247138509748095,0.24780138118040584,-58.498104635408325,1.197926361577462,2.4733297500905405,[1.197926361577462 2.4733297500905405],0.001,False,False,2.4144514238559953,32,33.2752652951703,63.308,in_progress,0.0,0
25,17.0,-2.173997148131684,0.14442839746175617,-56.74216948538782,-28.373855476897145,1.488169408171978,[-28.373855476897145 1.488169408171978],0.001,True,False,2.5867127670370973,32,33.2752652951703,63.369,off_track,0.0,0
26,1.0,-3.3484395808893064,-0.3011571138120833,-115.88057691897512,30.0,2.880883951404112,[30.0 2.880883951404112],0.0,False,True,0.4207206435238253,35,33.2752652951703,63.515,prepare,0.0,0
26,2.0,-3.3484250793817436,-0.30113311611527305,-115.88519143041643,30.0,2.5075459503459934,[30.0 2.5075459503459934],1.0,False,True,0.4206375738736612,35,33.2752652951703,63.571,in_progress,0.0,0
26,3.0,-3.352230685843251,-0.3082053764676087,-116.08321854559985,8.182019857781533,1.4669665912656542,[8.182019857781533 1.4669665912656542],1.0,False,True,0.4446034295265189,35,33.2752652951703,63.639,in_progress,0.0,0
26,4.0,-3.3554193321103285,-0.33080799440915765,-114.49423673608051,30.0,1.0,[30.0 1.0],1.0,False,True,0.5113187674187558,35,33.2752652951703,63.706,in_progress,0.0,0
26,5.0,-3.352684885236503,-0.3686102083124395,-110.19867858531404,15.280144485350931,2.3273546623631907,[15.280144485350931 2.3273546623631907],1.0,False,True,0.614017684350715,35,33.2752652951703,63.775,in_progress,0.0,0
26,6.0,-3.3455930237759457,-0.42125218100859624,-104.40704893657445,-7.961871005898459,2.5699019582699623,[-7.961871005898459 2.5699019582699623],1.0,False,True,0.753417435449133,35,33.2752652951703,63.848,in_progress,0.0,0
26,7.0,-3.3472627495194436,-0.4915766528923883,-100.90555086695063,11.732839097512368,1.6675970150633241,[11.732839097512368 1.6675970150633241],1.0,False,True,0.951908723266387,36,33.2752652951703,63.907,in_progress,0.0,0
26,8.0,-3.348089069869388,-0.5524846938279999,-98.50814925016898,30.0,1.2144497256449083,[30.0 1.2144497256449083],1.0,False,True,1.1231397663664322,36,33.2752652951703,63.97,in_progress,0.0,0
26,9.0,-3.335513624820811,-0.6353075496957579,-93.06769154349249,-8.822080997237432,3.0,[-8.822080997237432 3.0],0.5,False,True,1.3520415125221952,36,33.2752652951703,64.044,in_progress,0.0,0
26,10.0,-3.3162613951655775,-0.7354285177819119,-87.85520945187271,-0.521769347128739,2.737993357364866,[-0.521769347128739 2.737993357364866],0.5,False,True,1.6152831064454198,36,33.2752652951703,64.116,in_progress,0.0,0
26,11.0,-3.302537696612359,-0.8453017745612429,-85.8451665271161,20.668479868697375,3.0,[20.668479868697375 3.0],0.5,False,True,1.9117373149977246,37,33.2752652951703,64.18,in_progress,0.0,0
26,12.0,-3.2783177412851074,-0.9657455685943447,-82.55174551549422,-5.615929514944874,1.5341618967499344,[-5.615929514944874 1.5341618967499344],0.1,False,True,2.2552943441501103,37,33.2752652951703,64.248,in_progress,0.0,0
26,13.0,-3.2496491236779272,-1.0861062031156812,-79.53497806344166,-4.813929077958079,1.6469478307944074,[-4.813929077958079 1.6469478307944074],0.1,False,True,2.5722966799992584,37,33.2752652951703,64.317,in_progress,0.0,0
26,14.0,-3.225554034061146,-1.2023668342053373,-79.04251700625599,-13.968783844326925,2.4430418950325903,[-13.968783844326925 2.4430418950325903],0.1,False,True,2.8818611872996334,38,33.2752652951703,64.37,in_progress,0.0,0
26,15.0,-3.2089891127601966,-1.3156169665369815,-80.27549038984515,5.103392795917387,1.932802452488013,[5.103392795917387 1.932802452488013],0.1,False,False,3.242346209481889,38,33.2752652951703,64.439,in_progress,0.0,0
26,16.0,-3.194008065905054,-1.4452867771354225,-81.69819156289269,-16.233855451887152,1.5713466374083058,[-16.233855451887152 1.5713466374083058],0.001,False,False,3.6045331459582552,39,33.2752652951703,64.509,in_progress,0.0,0
26,17.0,-3.176735848528987,-1.5624359208486336,-81.71843516778581,-1.515321872439781,3.0,[-1.515321872439781 3.0],0.001,False,False,3.9286521545850883,39,33.2752652951703,64.576,in_progress,0.0,0
26,18.0,-3.1630100266294496,-1.6984377475569135,-82.89075328965347,30.0,2.8741084615567853,[30.0 2.8741084615567853],0.001,False,False,4.394043201496628,39,33.2752652951703,64.644,in_progress,0.0,0
26,19.0,-3.135517023210054,-1.8384881321387303,-80.81510925728188,-18.737507662632666,1.6045148503410536,[-18.737507662632666 1.6045148503410536],0.001,True,False,4.7842617089934425,40,33.2752652951703,64.709,off_track,0.0,0
27,1.0,-3.834210481162307,-1.8893603213674837,-100.19358355010077,-30.0,1.9800794521496825,[-30.0 1.9800794521496825],0.0,False,True,0.42102479056608244,41,33.2752652951703,64.845,prepare,0.0,0
27,2.0,-3.834227293260685,-1.8892586180951456,-100.20452356691742,30.0,1.0,[30.0 1.0],1.0,False,True,0.42073293408218526,41,33.2752652951703,64.907,in_progress,0.0,0
27,3.0,-3.8338610566651514,-1.8941872713370294,-99.99075857044207,-0.8766077006520057,1.0,[-0.8766077006520057 1.0],1.0,False,True,0.4351154086877529,41,33.2752652951703,64.966,in_progress,0.0,0
27,4.0,-3.834491930985846,-1.912409576534259,-99.37878270688975,-30.0,1.3642777145103042,[-30.0 1.3642777145103042],1.0,False,True,0.48934735844193833,41,33.2752652951703,65.042,in_progress,0.0,0
27,5.0,-3.8493193361557068,-1.9406071501665452,-101.74041248748225,-12.836430255567553,2.38364384931657,[-12.836430255567553 2.38364384931657],1.0,False,True,0.5806415761199557,41,33.2752652951703,65.106,in_progress,0.0,0
27,6.0,-3.8765915796426658,-1.977707209474539,-106.26170082095818,17.17982674069971,2.7541409188296058,[17.17982674069971 2.7541409188296058],1.0,False,True,0.7048924679883661,41,33.2752652951703,65.173,in_progress,0.0,0
27,7.0,-3.9007442180249337,-2.0325971469901942,-108.04742915680609,30.0,1.6033404583980535,[30.0 1.6033404583980535],1.0,False,True,0.8713303803428329,41,33.2752652951703,65.244,in_progress,0.0,0
27,8.0,-3.90674148092112,-2.1120626985382636,-103.85908431114724,-30.0,1.2305685409237836,[-30.0 1.2305685409237836],1.0,False,True,1.110711307631812,41,33.2752652951703,65.303,in_progress,0.0,0
27,9.0,-3.911153135521317,-2.173088477711852,-101.24055830954107,30.0,1.7792354335866067,[30.0 1.7792354335866067],1.0,False,True,1.2944829885712716,41,33.2752652951703,65.375,in_progress,0.0,0
27,10.0,-3.9228091694571394,-2.265754944341055,-99.5389375199827,9.086956005287057,1.0,[9.086956005287057 1.0],1.0,False,True,1.5751092941268918,42,33.2752652951703,65.437,in_progress,0.0,0
27,11.0,-3.9222684589786416,-2.3433053753480144,-96.53435816788974,0.6347875826400688,1.4849699294623318,[0.6347875826400688 1.4849699294623318],1.0,False,True,1.7980050171643835,42,33.2752652951703,65.513,in_progress,0.0,0
27,12.0,-3.929248393591112,-2.442725147108875,-95.67540163655629,-30.0,1.0,[-30.0 1.0],1.0,False,True,2.0969552749639133,42,33.2752652951703,65.577,in_progress,0.0,0
27,13.0,-3.9388113996157665,-2.5381015262167392,-95.59817939833249,-30.0,1.0,[-30.0 1.0],1.0,False,True,2.383821869526259,43,33.2752652951703,65.638,in_progress,0.0,0
27,14.0,-3.9500747480603073,-2.6096153903744286,-96.55131539437009,-25.45177814943611,3.0,[-25.45177814943611 3.0],1.0,False,True,2.5990229356457615,43,33.2752652951703,65.707,in_progress,0.0,0
27,15.0,-3.97230151682691,-2.6880781836971486,-99.46898524729902,-15.949204512309,2.9697838641269714,[-15.949204512309 2.9697838641269714],1.0,False,True,2.8022964653995897,43,33.2752652951703,65.766,in_progress,0.0,0
27,16.0,-4.016092772271239,-2.7789669424574597,-105.52847272760452,-3.8262127819881933,2.713133408750081,[-3.8262127819881933 2.713133408750081],0.5,False,True,3.0564408748418206,43,33.2752652951703,65.846,in_progress,0.0,0
27,17.0,-4.074894053378034,-2.885289625265731,-111.38189586751487,3.3536369945373394,1.0,[3.3536369945373394 1.0],0.5,False,True,3.3508413012726557,44,33.2752652951703,65.902,in_progress,0.0,0
27,18.0,-4.133659236850392,-2.9817927855130955,-116.85691463193633,-30.0,1.433955284297167,[-30.0 1.433955284297167],0.1,False,True,3.5885487232081847,44,33.2752652951703,65.967,in_progress,0.0,0
27,19.0,-4.192660872369741,-3.0645293150287434,-120.56515490498455,-24.143219171310616,1.0,[-24.143219171310616 1.0],0.1,False,True,3.6296145490693545,44,33.2752652951703,66.036,in_progress,0.0,0
27,20.0,-4.263200658909151,-3.1466151178544304,-124.51796271731584,-8.128100561847987,1.4493742663675668,[-8.128100561847987 1.4493742663675668],0.1,False,True,3.795898964567818,44,33.2752652951703,66.105,in_progress,0.0,0
27,21.0,-4.324102628228477,-3.2098087947629717,-127.64145926510929,-13.137118826709465,2.0870080457591067,[-13.137118826709465 2.0870080457591067],0.001,False,False,3.9175959198950174,44,33.2752652951703,66.174,in_progress,0.0,0
27,22.0,-4.406615497706193,-3.2795466844320074,-132.48542471295173,-24.75447218200033,2.0563684646358746,[-24.75447218200033 2.0563684646358746],0.001,False,False,4.037241208546422,44,33.2752652951703,66.23,in_progress,0.0,0
27,23.0,-4.498344404416894,-3.3385001630764983,-138.40267222794265,15.98047234764357,2.2115444505285655,[15.98047234764357 2.2115444505285655],0.001,True,False,4.117341176744194,45,33.2752652951703,66.309,off_track,0.0,0
28,1.0,-3.5892531630733138,-3.4794706379682645,-56.35990275660068,30.0,3.0,[30.0 3.0],0.0,False,True,0.4209153443668012,46,33.2752652951703,66.443,prepare,0.0,0
28,2.0,-3.5893531906305856,-3.4793700547390514,-56.34991659561192,-30.0,1.7048391056388923,[-30.0 1.7048391056388923],1.0,False,True,0.4204890612506673,46,33.2752652951703,66.503,in_progress,0.0,0
28,3.0,-3.5859696292435936,-3.4831639932168708,-56.062791257008605,-30.0,1.0,[-30.0 1.0],1.0,False,True,0.4357348007469397,46,33.2752652951703,66.578,in_progress,0.0,0
28,4.0,-3.582807412047777,-3.5013051260103243,-57.82620076495958,-28.483803042211157,1.0,[-28.483803042211157 1.0],1.0,False,True,0.48077673434391843,46,33.2752652951703,66.645,in_progress,0.0,0
28,5.0,-3.5847757261439033,-3.536156740446392,-62.74001998195882,5.181427475825451,1.2623681627269874,[5.181427475825451 1.2623681627269874],1.0,False,True,0.5500946908413185,46,33.2752652951703,66.715,in_progress,0.0,0
28,6.0,-3.5736739163323983,-3.5802208722856657,-65.18181102905073,-12.452940970706546,1.0,[-12.452940970706546 1.0],1.0,False,True,0.6668210135175268,46,33.2752652951703,66.781,in_progress,0.0,0
28,7.0,-3.5556896724279623,-3.6303008048222165,-66.27170316159254,-11.78656049546414,1.0439193415035444,[-11.78656049546414 1.0439193415035444],1.0,False,True,0.8109688086027911,46,33.2752652951703,66.84,in_progress,0.0,0
28,8.0,-3.5500425449369764,-3.681717256828504,-69.9317734106811,-30.0,2.272004539613513,[-30.0 2.272004539613513],0.5,False,True,0.9315334597012115,47,33.2752652951703,66.906,in_progress,0.0,0
28,9.0,-3.55169682294123,-3.7578422889087326,-76.29476687310935,-7.187856169979124,3.0,[-7.187856169979124 3.0],0.5,False,True,1.0886026877846844,47,33.2752652951703,66.976,in_progress,0.0,0
28,10.0,-3.5623278070763122,-3.839982653037443,-82.7443995764859,15.682202693675556,1.742762990325645,[15.682202693675556 1.742762990325645],0.1,False,True,1.239151884095585,47,33.2752652951703,67.046,in_progress,0.0,0
28,11.0,-3.5566471228112895,-3.9346261414945136,-84.31802594066265,6.585037295988357,1.1198251408540245,[6.585037295988357 1.1198251408540245],0.1,False,True,1.3207424854944083,47,33.2752652951703,67.116,in_progress,0.0,0
28,12.0,-3.5395600599542294,-4.0222344456293415,-82.39185801867599,-26.642033962017347,3.0,[-26.642033962017347 3.0],0.1,False,True,1.4356016212706268,47,33.2752652951703,67.17,in_progress,0.0,0
28,13.0,-3.523036075897122,-4.12028433170831,-81.9309303201397,13.804753689018824,1.3937585498688676,[13.804753689018824 1.3937585498688676],0.1,False,True,1.634374268265154,47,33.2752652951703,67.24,in_progress,0.0,0
28,14.0,-3.511917583746357,-4.22054727545274,-82.57501493140249,19.134200849397438,2.0719542957221915,[19.134200849397438 2.0719542957221915],0.001,False,False,1.822927639796934,48,33.2752652951703,67.31,in_progress,0.0,0
28,15.0,-3.487120803499527,-4.318868852954769,-80.02341298547627,-30.0,2.7055282902391293,[-30.0 2.7055282902391293],0.001,False,False,2.0431881925604136,48,33.2752652951703,67.38,in_progress,0.0,0
28,16.0,-3.458589639153729,-4.432616278432937,-78.35956063953297,30.0,3.0,[30.0 3.0],0.001,False,False,2.230769671143984,48,33.2752652951703,67.442,in_progress,0.0,0
28,17.0,-3.42842362637699,-4.563490480162557,-77.54471531594517,-30.0,2.57139276054707,[-30.0 2.57139276054707],0.001,True,False,2.230769671143984,48,33.2752652951703,67.511,off_track,0.0,0
29,1.0,-2.227551982366912,-3.459497137559725,55.46040021238224,-30.0,2.2349076341172593,[-30.0 2.2349076341172593],0.0,False,True,0.42122210914081193,52,33.2752652951703,67.641,prepare,0.0,0
29,2.0,-2.227797526251212,-3.4595258834885496,55.49801754348019,14.485672426991407,1.0,[14.485672426991407 1.0],1.0,False,True,0.4207329340821797,52,33.2752652951703,67.704,in_progress,0.0,0
29,3.0,-2.2235772412227344,-3.454881674928795,55.21349919570003,11.459338195210137,1.0,[11.459338195210137 1.0],1.0,False,True,0.4394190029310463,52,33.2752652951703,67.767,in_progress,0.0,0
29,4.0,-2.213670525907512,-3.438574146167753,55.507465570784255,17.453540377071384,1.322366484924304,[17.453540377071384 1.322366484924304],1.0,False,True,0.4966706869767801,52,33.2752652951703,67.843,in_progress,0.0,0
29,5.0,-2.194293726575146,-3.4119358364394534,55.27343991681047,30.0,2.3185145721366354,[30.0 2.3185145721366354],1.0,False,True,0.5956285730408795,52,33.2752652951703,67.91,in_progress,0.0,0
29,6.0,-2.173890199686176,-3.3708465678001645,56.838308337110355,20.60669856116379,3.0,[20.60669856116379 3.0],1.0,False,True,0.7321239649121958,52,33.2752652951703,67.976,in_progress,0.0,0
29,7.0,-2.1470685744382925,-3.305941349295034,59.76300511371383,30.0,2.4712254890442904,[30.0 2.4712254890442904],1.0,False,True,0.947559222348543,52,33.2752652951703,68.044,in_progress,0.0,0
29,8.0,-2.1245833831488103,-3.236059741976906,63.32992420910176,27.594533458466948,2.8023623615842883,[27.594533458466948 2.8023623615842883],1.0,False,True,1.1664336042294554,52,33.2752652951703,68.106,in_progress,0.0,0
29,9.0,-2.1083286036340554,-3.1537489837726413,68.25459099892349,-4.889754946967582,2.5240945432657194,[-4.889754946967582 2.5240945432657194],1.0,False,True,1.4112268848460674,53,33.2752652951703,68.173,in_progress,0.0,0
29,10.0,-2.086580699842073,-3.0456145764141627,72.26667326971575,11.997603417702095,2.676918767216333,[11.997603417702095 2.676918767216333],1.0,False,True,1.7333204366227928,53,33.2752652951703,68.239,in_progress,0.0,0
29,11.0,-2.062832683170026,-2.942086507148458,74.26381913277567,-25.25850616141242,1.0,[-25.25850616141242 1.0],1.0,False,True,2.111394668603095,53,33.2752652951703,68.313,in_progress,0.0,0
29,12.0,-2.034809611321777,-2.818701872215942,75.68107417101996,-8.101436408446169,2.558680742619136,[-8.101436408446169 2.558680742619136],1.0,False,True,2.490913683749257,54,33.2752652951703,68.378,in_progress,0.0,0
29,13.0,-2.002771043645633,-2.7163749042163254,74.56220579957368,22.5001231172456,2.9788314698186475,[22.5001231172456 2.9788314698186475],1.0,False,True,2.8305939304636762,54,33.2752652951703,68.454,in_progress,0.0,0
29,14.0,-1.9663771535784118,-2.582405945626663,74.93313963323646,0.05321694493004969,3.0,[0.05321694493004969 3.0],1.0,False,True,3.2308748261331677,55,33.2752652951703,68.512,in_progress,0.0,0
29,15.0,-1.9477253081107422,-2.459978736113638,77.77295406867023,-25.612371093367187,1.2411033035882766,[-25.612371093367187 1.2411033035882766],1.0,False,True,3.5937503922353784,55,33.2752652951703,68.579,in_progress,0.0,0
29,16.0,-1.9246435888125222,-2.3274432898562445,79.59372871099038,30.0,2.5769852848134267,[30.0 2.5769852848134267],1.0,False,True,3.9864541022712254,55,33.2752652951703,68.631,in_progress,0.0,0
29,17.0,-1.9020843439135988,-2.1976901688066155,80.10920229330902,-30.0,2.950851665767103,[-30.0 2.950851665767103],1.0,False,True,4.370921456695348,56,33.2752652951703,68.707,in_progress,0.0,0
29,18.0,-1.8822553667527029,-2.0564854634453527,80.83803872941212,2.4131529553851365,2.919673902998454,[2.4131529553851365 2.919673902998454],0.5,False,True,4.8034515270844516,56,33.2752652951703,68.775,in_progress,0.0,0
29,19.0,-1.8560003682397537,-1.9155553223798976,80.15944478855185,-30.0,1.7189978432906743,[-30.0 1.7189978432906743],0.5,False,True,5.224385684678035,57,33.2752652951703,68.836,in_progress,0.0,0
29,20.0,-1.8297269685718307,-1.7650330432743775,80.16135194590751,29.76947657985953,2.038601073533818,[29.76947657985953 2.038601073533818],0.5,False,True,5.730146884591858,57,33.2752652951703,68.91,in_progress,0.0,0
29,21.0,-1.8033616335686091,-1.6131707248756786,80.32423544131257,-25.345095530501744,3.0,[-25.345095530501744 3.0],0.5,False,True,6.1913074650271955,58,33.2752652951703,68.97,in_progress,0.0,0
29,22.0,-1.784941392737746,-1.4688776345130068,81.37851746779572,1.0857665371829626,1.293310542211418,[1.0857665371829626 1.293310542211418],0.5,False,True,6.726047942008961,58,33.2752652951703,69.039,in_progress,0.0,0
29,23.0,-1.757270469925229,-1.3317958244667532,79.98202724080699,30.0,1.4895431083420494,[30.0 1.4895431083420494],0.5,False,True,7.145513867254094,59,33.2752652951703,69.112,in_progress,0.0,0
29,24.0,-1.7246947414818263,-1.170980281262713,79.22380195620491,-30.0,1.0225052601058338,[-30.0 1.0225052601058338],0.5,False,True,7.7339538051087064,60,33.2752652951703,69.18,in_progress,0.0,0
29,25.0,-1.7066139150044974,-1.0652875508794497,79.69219348237272,-2.210198209627336,1.4063743180270576,[-2.210198209627336 1.4063743180270576],1.0,False,True,8.037963866044839,60,33.2752652951703,69.245,in_progress,0.0,0
29,26.0,-1.6809597465039712,-0.9397793797599665,79.24168656528431,9.581271723206164,1.2983519509807406,[9.581271723206164 1.2983519509807406],1.0,False,True,8.424356355268536,60,33.2752652951703,69.302,in_progress,0.0,0
29,27.0,-1.6674613525541782,-0.8455650009434414,80.21058938144581,13.110191256792874,3.0,[13.110191256792874 3.0],1.0,False,True,8.657018717947707,61,33.2752652951703,69.381,in_progress,0.0,0
29,28.0,-1.6633715805986653,-0.7313619324433271,83.50909819754581,30.0,1.0,[30.0 1.0],0.5,False,True,8.91355229668781,61,33.2752652951703,69.442,in_progress,0.0,0
29,29.0,-1.6736814753946807,-0.6286071556004655,88.99393664007778,-8.513187971157436,2.8142902245258536,[-8.513187971157436 2.8142902245258536],0.5,False,True,9.053280651081309,61,33.2752652951703,69.509,in_progress,0.0,0
29,30.0,-1.6859616078782984,-0.5080936408819832,92.42759294166697,-20.98400935058982,2.3602085399898893,[-20.98400935058982 2.3602085399898893],0.1,False,True,9.153830951040975,61,33.2752652951703,69.573,in_progress,0.0,0
29,31.0,-1.6845904479765799,-0.3842679549169743,91.07544101828819,-1.5679380214906296,3.0,[-1.5679380214906296 3.0],0.1,False,True,9.363176588840416,61,33.2752652951703,69.641,in_progress,0.0,0
29,32.0,-1.68106057116499,-0.2462495773450954,89.96003893491677,-9.596994094040706,1.6748208965928666,[-9.596994094040706 1.6748208965928666],0.001,False,False,9.601527406561239,62,33.2752652951703,69.715,in_progress,0.0,0
29,33.0,-1.6785506000935015,-0.11043366293097812,89.4563125281535,-30.0,1.939943265412643,[-30.0 1.939943265412643],0.001,False,False,9.833662636867258,62,33.2752652951703,69.773,in_progress,0.0,0
29,34.0,-1.6671936250611246,0.015437693604450159,87.29742734982966,19.52394148027421,2.3875803163624867,[19.52394148027421 2.3875803163624867],0.001,True,False,9.964356891463055,62,33.2752652951703,69.837,off_track,0.0,0
30,1.0,-2.0043827637520937,-1.8544354262663516,91.69581344293148,-0.4845336947656058,1.489594484869441,[-0.4845336947656058 1.489594484869441],0.0,False,True,0.4214793405739714,57,33.2752652951703,69.978,prepare,0.0,0
30,2.0,-2.0043860655079504,-1.8547025522283511,91.74186377046969,-30.0,1.7311717812872445,[-30.0 1.7311717812872445],1.0,False,True,0.4206782224276506,57,33.2752652951703,70.036,in_progress,0.0,0
30,3.0,-2.0027167122618525,-1.8481579038597484,91.33681729163644,-30.0,1.4660792084764982,[-30.0 1.4660792084764982],1.0,False,True,0.44067692169671435,57,33.2752652951703,70.107,in_progress,0.0,0
30,4.0,-1.991895363688706,-1.82861122584773,88.55571822004359,-17.141795538691905,1.4619898826648,[-17.141795538691905 1.4619898826648],1.0,False,True,0.5017697359435469,57,33.2752652951703,70.178,in_progress,0.0,0
30,5.0,-1.9782294871168835,-1.7986203745201474,85.46119364061754,-24.05534856289279,1.0,[-24.05534856289279 1.0],1.0,False,True,0.594819332181773,57,33.2752652951703,70.243,in_progress,0.0,0
30,6.0,-1.9509238832063551,-1.7508020123781942,80.01602597117615,20.601940512314563,1.779689530526156,[20.601940512314563 1.779689530526156],1.0,False,True,0.7444693458744545,57,33.2752652951703,70.316,in_progress,0.0,0
30,7.0,-1.9275032140642567,-1.6998621463044743,76.75987099919655,30.0,1.3719693994009146,[30.0 1.3719693994009146],1.0,False,True,0.9025641698071074,58,33.2752652951703,70.374,in_progress,0.0,0
30,8.0,-1.9191734473828197,-1.6458639682378395,77.68101249205114,-27.050184530408,2.9381776425571973,[-27.050184530408 2.9381776425571973],1.0,False,True,1.066296379089826,58,33.2752652951703,70.439,in_progress,0.0,0
30,9.0,-1.9104616158610588,-1.5760009426869368,78.89868988282261,-25.115502927411455,1.0,[-25.115502927411455 1.0],1.0,False,True,1.277651153685433,58,33.2752652951703,70.508,in_progress,0.0,0
30,10.0,-1.8816799175999777,-1.4976470760337885,76.10019482956098,26.774305534681922,3.0,[26.774305534681922 3.0],1.0,False,True,1.5674621677415623,58,33.2752652951703,70.583,in_progress,0.0,0
30,11.0,-1.8516339787723899,-1.4209770501432832,74.14991607533553,6.252434203537092,3.0,[6.252434203537092 3.0],1.0,False,True,1.81337428700854,59,33.2752652951703,70.637,in_progress,0.0,0
30,12.0,-1.834512661649986,-1.3349215230284104,75.64056344686293,-3.4426913315123464,1.0,[-3.4426913315123464 1.0],1.0,False,True,2.076507773473868,59,33.2752652951703,70.717,in_progress,0.0,0
30,13.0,-1.813898895505837,-1.2366777948437322,76.71655794339843,-16.98868282594745,3.0,[-16.98868282594745 3.0],1.0,False,True,2.4311227541187974,59,33.2752652951703,70.774,in_progress,0.0,0
30,14.0,-1.7912196022280502,-1.1581849004792846,75.7138642660367,22.865785394049105,2.2334414030918355,[22.865785394049105 2.2334414030918355],1.0,False,True,2.670407428324595,59,33.2752652951703,70.847,in_progress,0.0,0
30,15.0,-1.7606886567039934,-1.0468851651928222,75.21637034826855,19.426936437161118,2.7300686104208576,[19.426936437161118 2.7300686104208576],1.0,False,True,3.0073267414611804,60,33.2752652951703,70.91,in_progress,0.0,0
30,16.0,-1.7466209549951892,-0.9274202614650657,78.74451220334636,29.786206639691265,1.0,[29.786206639691265 1.0],1.0,False,True,3.314815927706316,60,33.2752652951703,70.978,in_progress,0.0,0
30,17.0,-1.7477668559581527,-0.824479557486518,83.7962241786625,-30.0,1.7281209945102685,[-30.0 1.7281209945102685],0.5,False,True,3.5360137710940376,60,33.2752652951703,71.038,in_progress,0.0,0
30,18.0,-1.7452408420980476,-0.7107249492829033,85.88501279881777,-30.0,1.8132327090912321,[-30.0 1.8132327090912321],0.5,False,True,3.7883252898624487,61,33.2752652951703,71.105,in_progress,0.0,0
30,19.0,-1.7267212344994884,-0.6059012006470046,83.51943514498244,-17.67826806907977,2.4607474548719397,[-17.67826806907977 2.4607474548719397],0.1,False,True,4.0532806510813035,61,33.2752652951703,71.17,in_progress,0.0,0
30,20.0,-1.6908410866037589,-0.4957182939732977,78.60306787414154,-30.0,2.267436271190072,[-30.0 2.267436271190072],0.1,False,True,4.162195869809726,61,33.2752652951703,71.24,in_progress,0.0,0
30,21.0,-1.6347585456508187,-0.37674929599784096,72.0044982011414,-8.00119216214327,1.977313062047045,[-8.00119216214327 1.977313062047045],0.1,False,True,4.500419755957097,61,33.2752652951703,71.312,in_progress,0.0,0
30,22.0,-1.5694995539718708,-0.2575624445210557,66.65917005402821,17.7904643510062,1.810539710878665,[17.7904643510062 1.810539710878665],0.1,False,False,4.861976584007732,62,33.2752652951703,71.378,in_progress,0.0,0
30,23.0,-1.512214084883128,-0.13847466971800323,65.59385185640464,1.1608638362936219,1.0,[1.1608638362936219 1.0],0.001,False,False,4.964356891463051,62,33.2752652951703,71.436,in_progress,0.0,0
30,24.0,-1.4630880198195655,-0.031096639859693714,65.5473338104284,-30.0,2.191509383730092,[-30.0 2.191509383730092],0.001,False,False,4.964356891463051,62,33.2752652951703,71.506,in_progress,0.0,0
30,25.0,-1.411169455055694,0.0665988329538833,63.943227273428626,30.0,2.1259441036382274,[30.0 2.1259441036382274],0.001,False,False,5.035959195371687,62,33.2752652951703,71.575,in_progress,0.0,0
30,26.0,-1.3472427771619395,0.17800827918104664,62.37178184245284,-7.666975649383698,1.7914811472301766,[-7.666975649383698 1.7914811472301766],0.001,True,False,5.29264859967512,62,33.2752652951703,71.642,off_track,0.0,0
31,1.0,-1.1446881008750875,-0.5804936976866701,11.808462290733438,-30.0,1.2334654653878423,[-30.0 1.2334654653878423],0.0,False,True,0.4210013495101972,63,33.2752652951703,71.774,prepare,0.0,0
31,2.0,-1.1441777111912401,-0.5806044769489261,11.791429793875105,30.0,2.612363584458024,[30.0 2.612363584458024],1.0,False,True,0.4224343256828633,63,33.2752652951703,71.847,in_progress,0.0,0
31,3.0,-1.1359096198085408,-0.5770158220754412,12.180277450088392,30.0,1.55112589217692,[30.0 1.55112589217692],1.0,False,True,0.4489653959980022,63,33.2752652951703,71.914,in_progress,0.0,0
31,4.0,-1.1157765603107617,-0.5611845090031472,14.851186318050074,21.6238136903836,1.8656116326889243,[21.6238136903836 1.8656116326889243],1.0,False,True,0.5179404133461962,63,33.2752652951703,71.977,in_progress,0.0,0
31,5.0,-1.0838751969765432,-0.5336951026577361,19.23678983176922,-15.607658217331663,2.4718485259742,[-15.607658217331663 2.4718485259742],1.0,False,True,0.6287148073795268,63,33.2752652951703,72.039,in_progress,0.0,0
31,6.0,-1.0439527801163182,-0.5061901739063431,22.25521630782289,-15.400865763657901,1.2723599601351774,[-15.400865763657901 1.2723599601351774],1.0,False,True,0.7630916577006652,63,33.2752652951703,72.099,in_progress,0.0,0
31,7.0,-0.9824261382965127,-0.48868151196276477,20.678237031028026,30.0,1.169128388425924,[30.0 1.169128388425924],1.0,False,True,0.8655859144010125,63,33.2752652951703,72.168,in_progress,0.0,0
31,8.0,-0.9155987757937928,-0.4666371820537276,19.9828137493665,-30.0,3.0,[-30.0 3.0],0.5,False,True,1.0330332974251233,63,33.2752652951703,72.236,in_progress,0.0,0
31,9.0,-0.8426177067444132,-0.437991912557557,19.954479832257785,-16.354390371856457,1.0,[-16.354390371856457 1.0],0.5,False,True,1.2168823558383002,63,33.2752652951703,72.305,in_progress,0.0,0
31,10.0,-0.7686071232698005,-0.4277828345322523,16.54865983713584,-30.0,1.541699642247935,[-30.0 1.541699642247935],0.5,False,True,1.4201453713283185,64,33.2752652951703,72.376,in_progress,0.0,0
31,11.0,-0.6737956364852908,-0.42779793939853955,10.669054730962886,30.0,2.3062894753263143,[30.0 2.3062894753263143],0.5,False,True,1.6922258519921685,64,33.2752652951703,72.436,in_progress,0.0,0
31,12.0,-0.5896250486392026,-0.42927953598322016,6.938869893866097,28.373035312858683,1.0,[28.373035312858683 1.0],0.1,False,True,1.7704628478493523,64,33.2752652951703,72.512,in_progress,0.0,0
31,13.0,-0.4968575424947814,-0.4211062402773286,5.975566208765867,-3.0550208558696887,2.4724875409449014,[-3.0550208558696887 2.4724875409449014],0.1,False,True,1.8959367317861076,64,33.2752652951703,72.579,in_progress,0.0,0
31,14.0,-0.4013590980056167,-0.41447517230891634,5.1009573172438225,18.82775636396606,2.38910231294768,[18.82775636396606 2.38910231294768],0.1,False,True,2.113802571857626,64,33.2752652951703,72.65,in_progress,0.0,0
31,15.0,-0.29115986497444735,-0.4018946430585612,5.76400400800289,-23.061884287869688,2.445083870474785,[-23.061884287869688 2.445083870474785],0.1,False,True,2.3563332738670506,65,33.2752652951703,72.705,in_progress,0.0,0
31,16.0,-0.17433309386460366,-0.3869522753185141,6.381510001621855,15.221713709951601,1.0,[15.221713709951601 1.0],0.001,False,False,2.61056031267648,65,33.2752652951703,72.775,in_progress,0.0,0
31,17.0,-0.05693156094646287,-0.38078793825365775,4.879126386876215,-18.729745886628187,1.2346285049601695,[-18.729745886628187 1.2346285049601695],0.001,False,False,2.679411132350351,65,33.2752652951703,72.838,in_progress,0.0,0
31,18.0,0.045425503568424994,-0.36743543500629744,5.838134288286488,-28.906606417664136,1.4964977196444107,[-28.906606417664136 1.4964977196444107],0.001,False,False,2.679411132350351,65,33.2752652951703,72.908,in_progress,0.0,0
31,19.0,0.1614208319638511,-0.3641044302965397,4.00854072797689,30.0,1.0,[30.0 1.0],0.001,True,False,2.894083195384922,65,33.2752652951703,72.972,off_track,0.0,0
32,1.0,-0.048560886999732,-1.6096831639692017,-76.43718695013436,30.0,3.0,[30.0 3.0],0.0,False,True,0.42076848902596886,68,33.2752652951703,73.103,prepare,0.0,0
32,2.0,-0.04868969073932875,-1.6095291610661984,-76.46974582622477,-30.0,1.2475729589335152,[-30.0 1.2475729589335152],1.0,False,True,0.420310763694387,68,33.2752652951703,73.18,in_progress,0.0,0
32,3.0,-0.04914327701124837,-1.6177079946124504,-76.907045251029,-18.557709613869477,2.9186551998998937,[-18.557709613869477 2.9186551998998937],1.0,False,True,0.44490577502728224,68,33.2752652951703,73.243,in_progress,0.0,0
32,4.0,-0.05101646950207048,-1.6397987209337095,-78.56741627830338,-25.772243326650894,1.7283238402143766,[-25.772243326650894 1.7283238402143766],1.0,False,True,0.511361399305299,68,33.2752652951703,73.305,in_progress,0.0,0
32,5.0,-0.06027894663774494,-1.6812289491927819,-82.59656058104183,-17.666372060778606,1.0,[-17.666372060778606 1.0],1.0,False,True,0.6362215539612692,68,33.2752652951703,73.375,in_progress,0.0,0
32,6.0,-0.0714930195679778,-1.7251636985326753,-86.58248266927482,-30.0,1.9729420914492728,[-30.0 1.9729420914492728],1.0,False,True,0.7686842625718504,68,33.2752652951703,73.445,in_progress,0.0,0
32,7.0,-0.0928954239219511,-1.7793343322904887,-92.34638387668379,30.0,2.7190278144508833,[30.0 2.7190278144508833],1.0,False,True,0.9323050649292841,69,33.2752652951703,73.515,in_progress,0.0,0
32,8.0,-0.11892353274031871,-1.8539296049688943,-97.44254362353809,8.122719629436894,1.8898475316418026,[8.122719629436894 1.8898475316418026],1.0,False,True,1.1574828555935945,69,33.2752652951703,73.578,in_progress,0.0,0
32,9.0,-0.12325840220387618,-1.9253867924964851,-96.2705194799814,-0.997565118826973,1.9405127018459423,[-0.997565118826973 1.9405127018459423],1.0,False,True,1.4038624361563001,69,33.2752652951703,73.64,in_progress,0.0,0
32,10.0,-0.12728631878146698,-2.01434595798111,-95.12508667533034,30.0,1.0,[30.0 1.0],1.0,False,True,1.6694668078235941,69,33.2752652951703,73.709,in_progress,0.0,0
32,11.0,-0.13134548097192367,-2.1123870071758506,-94.28445580523288,5.338793191408342,3.0,[5.338793191408342 3.0],1.0,False,True,1.9619959541139487,70,33.2752652951703,73.778,in_progress,0.0,0
32,12.0,-0.13155557344853136,-2.20572799534724,-92.89847135860015,-30.0,1.0,[-30.0 1.0],1.0,False,True,2.2457502563495546,70,33.2752652951703,73.842,in_progress,0.0,0
32,13.0,-0.12605458728571994,-2.3011128121261857,-90.60751168926036,30.0,2.539382700140631,[30.0 2.539382700140631],1.0,False,True,2.5188720841508694,70,33.2752652951703,73.905,in_progress,0.0,0
32,14.0,-0.12193062473576811,-2.3843765574247398,-89.43079889495674,-28.35862547715329,2.6912634915553353,[-28.35862547715329 2.6912634915553353],1.0,False,True,2.75780283537973,71,33.2752652951703,73.972,in_progress,0.0,0
32,15.0,-0.11612273256307057,-2.5040358825478806,-88.82589373768285,-19.69112978328822,3.0,[-19.69112978328822 3.0],1.0,False,True,3.101263423336942,71,33.2752652951703,74.039,in_progress,0.0,0
32,16.0,-0.12843149067067441,-2.6080242745936895,-91.8910663810052,-30.0,3.0,[-30.0 3.0],1.0,False,True,3.4002467036104433,71,33.2752652951703,74.115,in_progress,0.0,0
32,17.0,-0.16478551335114108,-2.7398346887337004,-98.47088316634054,13.979491288167111,2.322136717078007,[13.979491288167111 2.322136717078007],1.0,False,True,3.810840633803547,72,33.2752652951703,74.172,in_progress,0.0,0
32,18.0,-0.20805061014561238,-2.888135702638823,-103.31082455236873,30.0,2.499554715995467,[30.0 2.499554715995467],1.0,False,True,4.274208672563384,72,33.2752652951703,74.231,in_progress,0.0,0
32,19.0,-0.22804859721974555,-3.0006630743041036,-102.18871206182742,-12.877938533647615,3.0,[-12.877938533647615 3.0],0.5,False,True,4.614541960391827,73,33.2752652951703,74.315,in_progress,0.0,0
32,20.0,-0.25718829884971905,-3.1588101087644884,-101.51388279925115,27.375936218895383,1.107788284711586,[27.375936218895383 1.107788284711586],0.5,False,True,5.159615536151641,73,33.2752652951703,74.38,in_progress,0.0,0
32,21.0,-0.2876423698234012,-3.3039642840953203,-101.64568224609141,-1.4302293555537915,1.0712216825536425,[-1.4302293555537915 1.0712216825536425],0.5,False,True,5.604169443973605,74,33.2752652951703,74.43,in_progress,0.0,0
32,22.0,-0.3113339777859464,-3.4371684673666465,-100.92258252715513,30.0,1.5527363527453455,[30.0 1.5527363527453455],1.0,False,True,6.125080488671742,74,33.2752652951703,74.515,in_progress,0.0,0
32,23.0,-0.3300381063694529,-3.558620189588367,-99.96191353373207,28.245696815647143,1.0,[28.245696815647143 1.0],1.0,False,True,6.458661370314845,75,33.2752652951703,74.578,in_progress,0.0,0
32,24.0,-0.33671915351424647,-3.6673968323736417,-97.19660336914647,9.192024863180102,2.3039857093492673,[9.192024863180102 2.3039857093492673],1.0,False,True,6.766100907370798,75,33.2752652951703,74.638,in_progress,0.0,0
32,25.0,-0.3376726534488438,-3.7762379631212792,-94.49678365278449,-6.333906745452179,1.839526658186573,[-6.333906745452179 1.839526658186573],0.5,False,True,6.930135917673919,75,33.2752652951703,74.708,in_progress,0.0,0
32,26.0,-0.34116929972580445,-3.911834146396995,-93.16394832799814,-21.242670234941524,2.1414252831290694,[-21.242670234941524 2.1414252831290694],0.5,False,True,7.162750555429287,75,33.2752652951703,74.776,in_progress,0.0,0
32,27.0,-0.3585213031696128,-4.038058132876158,-95.41766897041441,-10.320502497629615,2.2360817175326466,[-10.320502497629615 2.2360817175326466],0.1,False,True,7.345132089782647,76,33.2752652951703,74.837,in_progress,0.0,0
32,28.0,-0.3834869666813538,-4.155565734794144,-98.34020007077264,-10.862638810056122,1.6743885884866327,[-10.862638810056122 1.6743885884866327],0.1,False,True,7.49356929098356,76,33.2752652951703,74.906,in_progress,0.0,0
32,29.0,-0.41817149387930785,-4.2891153717905155,-101.39017689708017,9.562013752424257,1.3410727591312601,[9.562013752424257 1.3410727591312601],0.001,False,False,7.6469813791938845,76,33.2752652951703,74.98,in_progress,0.0,0
32,30.0,-0.44529138387038114,-4.401512915857732,-102.2637339853339,-15.045367488572573,2.057844354305831,[-15.045367488572573 2.057844354305831],0.001,False,False,7.674784592086981,76,33.2752652951703,75.044,in_progress,0.0,0
32,31.0,-0.4737111221277407,-4.514538942651701,-103.23119023269798,-7.942789164433208,2.8108843424440058,[-7.942789164433208 2.8108843424440058],0.001,True,False,7.674784592086981,76,33.2752652951703,75.113,off_track,0.0,0
33,1.0,-0.38656721745798794,-3.2290679445860833,-97.71269644714646,11.629608044634942,2.7283228786996805,[11.629608044634942 2.7283228786996805],0.0,False,True,0.4209726656454582,74,33.2752652951703,75.237,prepare,0.0,0
33,2.0,-0.3865442225628143,-3.228990557316618,-97.70383696518049,-13.585734238860148,1.7677178761689065,[-13.585734238860148 1.7677178761689065],1.0,False,True,0.4207329340821797,74,33.2752652951703,75.308,in_progress,0.0,0
33,3.0,-0.3878099141856631,-3.2371579555737324,-97.76003604480573,-0.8149274800270696,2.505506305321806,[-0.8149274800270696 2.505506305321806],1.0,False,True,0.44556624576579384,74,33.2752652951703,75.373,in_progress,0.0,0
33,4.0,-0.39252781899302547,-3.2564779034479483,-98.26173717225305,18.590883305757153,3.0,[18.590883305757153 3.0],1.0,False,True,0.5050038410984947,74,33.2752652951703,75.443,in_progress,0.0,0
33,5.0,-0.39387114072481894,-3.2913921366637884,-97.34959276557666,-20.02527724146625,1.9275469058116488,[-20.02527724146625 1.9275469058116488],1.0,False,True,0.6095234612652822,74,33.2752652951703,75.51,in_progress,0.0,0
33,6.0,-0.3983338894762778,-3.340174169074701,-96.97537347724962,14.867974871498177,1.0,[14.867974871498177 1.0],1.0,False,True,0.7565996127594121,74,33.2752652951703,75.572,in_progress,0.0,0
33,7.0,-0.40776139660856436,-3.3937265780536174,-97.6614017002964,12.165570728550797,1.6418611398650809,[12.165570728550797 1.6418611398650809],1.0,False,True,0.9169677671427956,74,33.2752652951703,75.638,in_progress,0.0,0
33,8.0,-0.40490663683556216,-3.45239909226525,-95.20607583137625,12.413144470651133,2.489404705108819,[12.413144470651133 2.489404705108819],1.0,False,True,1.0883574576809996,74,33.2752652951703,75.706,in_progress,0.0,0
33,9.0,-0.39315727878194856,-3.5281336039720825,-91.08614540520884,-30.0,1.936187174320159,[-30.0 1.936187174320159],1.0,False,True,1.3165316446966502,74,33.2752652951703,75.773,in_progress,0.0,0
33,10.0,-0.38566073952754404,-3.609143945004847,-89.05563842788948,-30.0,3.0,[-30.0 3.0],1.0,False,True,1.5562340354009718,75,33.2752652951703,75.836,in_progress,0.0,0
33,11.0,-0.3933506188109822,-3.713531947281955,-91.13695871873776,-30.0,2.0541300265484574,[-30.0 2.0541300265484574],1.0,False,True,1.7742353657668408,75,33.2752652951703,75.912,in_progress,0.0,0
33,12.0,-0.4197137205314994,-3.8205671296195245,-96.32015022251865,27.21026006329061,2.1663100279976795,[27.21026006329061 2.1663100279976795],0.5,False,True,1.8101780822693314,75,33.2752652951703,75.976,in_progress,0.0,0
33,13.0,-0.44748230202852685,-3.9445167850102556,-99.24805397905548,-30.0,1.078107137462452,[-30.0 1.078107137462452],0.1,False,True,1.9632780129989036,75,33.2752652951703,76.045,in_progress,0.0,0
33,14.0,-0.46198828192759317,-4.05611844753687,-98.47840509593094,16.190859976838517,3.0,[16.190859976838517 3.0],0.1,False,True,2.1265569464355982,75,33.2752652951703,76.111,in_progress,0.0,0
33,15.0,-0.4761686718644189,-4.160017240958149,-97.78826690511572,-9.089138778210462,2.4039593779180537,[-9.089138778210462 2.4039593779180537],0.001,False,False,2.276929235747449,76,33.2752652951703,76.175,in_progress,0.0,0
33,16.0,-0.49174407150290134,-4.283027843131585,-97.60337977403927,7.953478741602453,1.3704391426815172,[7.953478741602453 1.3704391426815172],0.001,False,False,2.457901916427341,76,33.2752652951703,76.245,in_progress,0.0,0
33,17.0,-0.5117021315257012,-4.412121144404366,-98.53420928030378,30.0,2.427762519138758,[30.0 2.427762519138758],0.001,True,False,2.63907091047777,76,33.2752652951703,76.297,off_track,0.0,0
34,1.0,0.8052984483881389,-3.7232582752297736,22.34024262662039,30.0,1.0,[30.0 1.0],0.0,False,True,0.4197990286496256,79,33.2752652951703,76.44,prepare,0.0,0
34,2.0,0.8052531568437222,-3.7234116059744884,22.310705170435646,-19.915670105275552,1.1385298137287627,[-19.915670105275552 1.1385298137287627],1.0,False,True,0.4193792064224877,79,33.2752652951703,76.504,in_progress,0.0,0
34,3.0,0.8157405472656514,-3.72047271225527,22.030617499898444,30.0,1.5652183081970135,[30.0 1.5652183081970135],1.0,False,True,0.44806513151836036,79,33.2752652951703,76.575,in_progress,0.0,0
34,4.0,0.8385135994215667,-3.706672452253768,23.04110661646227,29.509882715942958,3.0,[29.509882715942958 3.0],1.0,False,True,0.5259661340775268,79,33.2752652951703,76.643,in_progress,0.0,0
34,5.0,0.8621864166887843,-3.673399659762833,28.11292196277442,30.0,2.480808182637373,[30.0 2.480808182637373],1.0,False,True,0.6467725334283858,79,33.2752652951703,76.716,in_progress,0.0,0
34,6.0,0.8870485100980154,-3.6241041646573855,35.474595892313324,18.806321285768007,1.0,[18.806321285768007 1.0],1.0,False,True,0.8038462401222413,79,33.2752652951703,76.775,in_progress,0.0,0
34,7.0,0.9128016407319123,-3.569352999487014,42.454929996594785,-30.0,1.1644336866627163,[-30.0 1.1644336866627163],1.0,False,True,0.9743117923981637,80,33.2752652951703,76.842,in_progress,0.0,0
34,8.0,0.9418860202665952,-3.513230189522159,47.435294447099395,19.511936130186413,2.839737814455571,[19.511936130186413 2.839737814455571],1.0,False,True,1.154811155091906,80,33.2752652951703,76.916,in_progress,0.0,0
34,9.0,0.9793385701152765,-3.450687054346478,51.21641436798726,16.214627569726176,1.0,[16.214627569726176 1.0],1.0,False,True,1.3771025373174428,80,33.2752652951703,76.974,in_progress,0.0,0
34,10.0,1.0061406670644104,-3.3732057497894283,57.40129612916866,-9.42799284795517,2.497970659805736,[-9.42799284795517 2.497970659805736],0.5,False,True,1.6027742806182244,80,33.2752652951703,77.044,in_progress,0.0,0
34,11.0,1.0328713470004103,-3.293580811989233,61.772085463037826,-19.56051209395536,1.7302834497084818,[-19.56051209395536 1.7302834497084818],0.5,False,True,1.8330313889715955,81,33.2752652951703,77.11,in_progress,0.0,0
34,12.0,1.0799998422612311,-3.214927584592515,60.83239401330956,25.810183395124604,1.642071767792525,[25.810183395124604 1.642071767792525],0.5,False,True,2.102750015390331,81,33.2752652951703,77.176,in_progress,0.0,0
34,13.0,1.1243125949242736,-3.135941878675066,60.876478987579986,29.394134976071477,1.0,[29.394134976071477 1.0],0.5,False,True,2.2131507050695665,81,33.2752652951703,77.247,in_progress,0.0,0
34,14.0,1.1577373907038793,-3.0506295704664637,63.57971667345224,20.76638827331451,1.0,[20.76638827331451 1.0],0.1,False,True,2.395475636640121,81,33.2752652951703,77.315,in_progress,0.0,0
34,15.0,1.1792862573421405,-2.9669233237984782,67.61580572997312,27.058907162317126,1.7645193363860483,[27.058907162317126 1.7645193363860483],0.1,False,True,2.571434112733584,81,33.2752652951703,77.379,in_progress,0.0,0
34,16.0,1.1868012517085265,-2.890036966537469,72.62765808246996,30.0,1.6055062241108462,[30.0 1.6055062241108462],0.1,False,True,2.700538555598775,82,33.2752652951703,77.45,in_progress,0.0,0
34,17.0,1.1800561044073639,-2.7985743343732983,80.06215808780905,-30.0,2.755762566361345,[-30.0 2.755762566361345],0.1,False,True,2.812578621102091,82,33.2752652951703,77.51,in_progress,0.0,0
34,18.0,1.172835283876324,-2.6980583963329763,85.07536719246654,0.7585104970302794,2.718949632077635,[0.7585104970302794 2.718949632077635],0.001,False,False,2.9362172843719336,82,33.2752652951703,77.572,in_progress,0.0,0
34,19.0,1.1751292468276175,-2.5929491508306217,86.60715375721324,-30.0,1.0,[-30.0 1.0],0.001,False,False,3.091579071151973,82,33.2752652951703,77.648,in_progress,0.0,0
34,20.0,1.1779453005851592,-2.4756609732788935,87.74416045809082,30.0,1.1499939128961736,[30.0 1.1499939128961736],0.001,True,False,3.119256409738802,82,33.2752652951703,77.716,off_track,0.0,0
35,1.0,2.1941889322992854,-3.350764234720254,-38.03431310670693,-21.48435649472816,1.0,[-21.48435649472816 1.0],0.0,False,True,0.4214149155554292,85,33.2752652951703,77.843,prepare,0.0,0
35,2.0,2.194017550641651,-3.3506149978922606,-38.005644201635796,-24.734145669598934,1.9852577428299074,[-24.734145669598934 1.9852577428299074],1.0,False,True,0.4207329340821797,85,33.2752652951703,77.898,in_progress,0.0,0
35,3.0,2.198919529782369,-3.3526277077335216,-37.69875173140223,-13.834836685156251,1.0,[-13.834836685156251 1.0],1.0,False,True,0.43606510065857806,85,33.2752652951703,77.969,in_progress,0.0,0
35,4.0,2.2098196408795605,-3.3626260027957913,-37.95734693925115,-3.9193065282047,3.0,[-3.9193065282047 3.0],1.0,False,True,0.4803775492737139,85,33.2752652951703,78.045,in_progress,0.0,0
35,5.0,2.236906019300085,-3.384565416754258,-38.11795232577668,-30.0,3.0,[-30.0 3.0],1.0,False,True,0.5851150150509188,85,33.2752652951703,78.104,in_progress,0.0,0
35,6.0,2.267198574606658,-3.4192397777352572,-40.107783083547325,-30.0,1.5806594646030139,[-30.0 1.5806594646030139],1.0,False,True,0.7210098949534394,85,33.2752652951703,78.176,in_progress,0.0,0
35,7.0,2.295988107120258,-3.476711034344057,-45.8678010809006,-19.929766901391638,3.0,[-19.929766901391638 3.0],1.0,False,True,0.9147382520642733,85,33.2752652951703,78.241,in_progress,0.0,0
35,8.0,2.325626605199549,-3.542276503709801,-51.381952141096086,30.0,2.3135638567390315,[30.0 2.3135638567390315],1.0,False,True,1.1213984233814256,85,33.2752652951703,78.309,in_progress,0.0,0
35,9.0,2.3634808571993338,-3.6110318909019226,-54.46982328741557,-13.518530162616365,1.0235389855369856,[-13.518530162616365 1.0235389855369856],1.0,False,True,1.351586076472211,86,33.2752652951703,78.374,in_progress,0.0,0
35,10.0,2.4074227887888284,-3.679888408363454,-55.44750932820356,-30.0,3.0,[-30.0 3.0],1.0,False,True,1.5941099015386984,86,33.2752652951703,78.45,in_progress,0.0,0
35,11.0,2.4472590803369036,-3.7665891368796562,-59.33660085460707,20.41007653227028,1.676669241130673,[20.41007653227028 1.676669241130673],0.5,False,True,1.8199813086031025,86,33.2752652951703,78.516,in_progress,0.0,0
35,12.0,2.4770388630696627,-3.8557937646709797,-64.03871225818273,15.598832854943907,1.1695632998694299,[15.598832854943907 1.1695632998694299],0.5,False,True,2.0618334000380822,86,33.2752652951703,78.581,in_progress,0.0,0
35,13.0,2.5223408744180342,-3.941315861896264,-63.358696069338954,30.0,2.4475718864938596,[30.0 2.4475718864938596],0.5,False,True,2.3320503940324033,87,33.2752652951703,78.643,in_progress,0.0,0
35,14.0,2.580819751499511,-4.020115492633433,-59.5673674385111,-30.0,1.4786142430926015,[-30.0 1.4786142430926015],0.5,False,True,2.6193444718122794,87,33.2752652951703,78.707,in_progress,0.0,0
35,15.0,2.639828288681201,-4.09538754165846,-56.25230121192196,-19.208352057478823,2.827832335482599,[-19.208352057478823 2.827832335482599],0.1,False,True,2.6552252167134194,87,33.2752652951703,78.771,in_progress,0.0,0
35,16.0,2.6973991850634143,-4.206527953033652,-59.18968281494289,-30.0,1.3352016474482977,[-30.0 1.3352016474482977],0.1,False,True,2.7724104427802154,87,33.2752652951703,78.848,in_progress,0.0,0
35,17.0,2.7407169798429525,-4.3298803219479485,-64.92056236017089,-11.228364160934778,2.655041880740164,[-11.228364160934778 2.655041880740164],0.1,False,True,2.979011242758456,87,33.2752652951703,78.913,in_progress,0.0,0
35,18.0,2.7682077188329868,-4.441700445555037,-69.77241300524688,-2.5122670320666387,1.0,[-2.5122670320666387 1.0],0.001,False,False,3.1317257724809533,88,33.2752652951703,78.974,in_progress,0.0,0
35,19.0,2.7921996111964327,-4.557782274907035,-73.66138510884845,-0.06684896694036624,2.769515941645672,[-0.06684896694036624 2.769515941645672],0.001,False,False,3.2769145079955653,88,33.2752652951703,79.035,in_progress,0.0,0
35,20.0,2.8145857056657966,-4.6696268855018,-75.78594510357644,1.537386107225661,3.0,[1.537386107225661 3.0],0.001,True,False,3.4146605799634577,88,33.2752652951703,79.099,off_track,0.0,0
36,1.0,3.641724940561339,-3.857042329396736,10.727026313528588,-6.405072954114178,1.7227049049175465,[-6.405072954114178 1.7227049049175465],0.0,False,True,0.41659466460075567,90,33.2752652951703,79.243,prepare,0.0,0
36,2.0,3.641404550114834,-3.857080848731437,10.74231977300046,7.224777484190817,2.4463956922438213,[7.224777484190817 2.4463956922438213],1.0,False,True,0.41578060418950846,90,33.2752652951703,79.309,in_progress,0.0,0
36,3.0,3.6484022931008298,-3.854111700697597,11.30767771900017,29.70877614233416,3.0,[29.70877614233416 3.0],1.0,False,True,0.4376519577146909,90,33.2752652951703,79.372,in_progress,0.0,0
36,4.0,3.664936547720569,-3.8448419436614922,12.816979780690561,9.55138284608283,1.2094411622167172,[9.55138284608283 1.2094411622167172],1.0,False,True,0.4936638470984578,90,33.2752652951703,79.438,in_progress,0.0,0
36,5.0,3.693973988030596,-3.830841708125766,14.585987812133004,1.4152737247991496,3.0,[1.4152737247991496 3.0],1.0,False,True,0.5876494235083296,90,33.2752652951703,79.512,in_progress,0.0,0
36,6.0,3.7408642527145357,-3.8155840189131,15.276473136611733,-11.735949914491847,2.7181707449151027,[-11.735949914491847 2.7181707449151027],1.0,False,True,0.7252869990310051,90,33.2752652951703,79.576,in_progress,0.0,0
36,7.0,3.8048570286712775,-3.8039315643239213,13.955467764130818,30.0,3.0,[30.0 3.0],1.0,False,True,0.8954940367335018,91,33.2752652951703,79.635,in_progress,0.0,0
36,8.0,3.8809240271065844,-3.785319332675922,14.015112805093912,-8.689323951069511,2.932999090571881,[-8.689323951069511 2.932999090571881],0.5,False,True,1.106970296442955,91,33.2752652951703,79.7,in_progress,0.0,0
36,9.0,3.963250474120964,-3.7591966991246384,15.156653401651942,-26.495777851681197,3.0,[-26.495777851681197 3.0],0.5,False,True,1.2774328534331025,91,33.2752652951703,79.778,in_progress,0.0,0
36,10.0,4.062960336976915,-3.7405102114001902,13.342464320222122,-30.0,1.46950820789994,[-30.0 1.46950820789994],0.5,False,True,1.2774328534331025,91,33.2752652951703,79.841,in_progress,0.0,0
36,11.0,4.167017102011771,-3.735116195734075,9.446887577453472,-30.0,2.445214901179201,[-30.0 2.445214901179201],0.1,False,True,1.293276263008325,91,33.2752652951703,79.908,in_progress,0.0,0
36,12.0,4.283883424287643,-3.7403948891915215,4.305414652337587,19.175382951779156,3.0,[19.175382951779156 3.0],0.1,False,True,1.3572093102209193,91,33.2752652951703,79.979,in_progress,0.0,0
36,13.0,4.405910648423896,-3.7463405281443873,1.4001104312236157,5.5441300926442025,2.12819379734431,[5.5441300926442025 2.12819379734431],0.001,False,False,1.4226956554453163,91,33.2752652951703,80.038,in_progress,0.0,0
36,14.0,4.536103820702599,-3.7314155545038004,3.759703016616125,-12.831091039411053,3.0,[-12.831091039411053 3.0],0.001,False,False,1.5548268686440436,91,33.2752652951703,80.106,in_progress,0.0,0
36,15.0,4.669269839146802,-3.7134064939402984,5.5644532206279385,-30.0,3.0,[-30.0 3.0],0.001,True,False,1.6980060394435892,91,33.2752652951703,80.177,off_track,0.0,0
37,1.0,3.619791097816294,-2.349274960611133,114.66504622203604,30.0,1.9071852314428859,[30.0 1.9071852314428859],0.0,False,True,0.4212338858948783,96,33.2752652951703,80.305,prepare,0.0,0
37,2.0,3.6197345058807087,-2.349484499893263,114.711212685331,-13.589968639947486,2.7644869306790962,[-13.589968639947486 2.7644869306790962],1.0,False,True,0.4207329340821797,96,33.2752652951703,80.377,in_progress,0.0,0
37,3.0,3.6171333898152525,-2.3434718374514336,114.72753825904033,8.609975329988124,1.0,[8.609975329988124 1.0],1.0,False,True,0.44041555522222886,96,33.2752652951703,80.443,in_progress,0.0,0
37,4.0,3.608306723998534,-2.3265896694955424,114.89132959047411,-23.313359390287726,1.0,[-23.313359390287726 1.0],1.0,False,True,0.4975936089363753,96,33.2752652951703,80.513,in_progress,0.0,0
37,5.0,3.6010309015131527,-2.2923329089896844,113.04238652283526,-7.457388352334423,1.9986538998212544,[-7.457388352334423 1.9986538998212544],1.0,False,True,0.600256547809952,96,33.2752652951703,80.575,in_progress,0.0,0
37,6.0,3.5942655363593086,-2.251961820145095,110.73710106504494,-25.22330591031443,2.083018738693581,[-25.22330591031443 2.083018738693581],1.0,False,True,0.7189705176047001,96,33.2752652951703,80.631,in_progress,0.0,0
37,7.0,3.592071233200576,-2.196917645569365,106.69910866133947,-22.469638362920687,1.0,[-22.469638362920687 1.0],1.0,False,True,0.8603452119529509,96,33.2752652951703,80.698,in_progress,0.0,0
37,8.0,3.605564060186066,-2.1292490347498,99.44352128878946,-30.0,1.551996854595867,[-30.0 1.551996854595867],1.0,False,True,1.015336363239594,96,33.2752652951703,80.775,in_progress,0.0,0
37,9.0,3.629558556357353,-2.0563487011944805,91.38986085716887,-7.934862268194177,3.0,[-7.934862268194177 3.0],0.5,False,True,1.1679459696613992,96,33.2752652951703,80.836,in_progress,0.0,0
37,10.0,3.657922736621264,-1.9855296782259697,84.67957131757963,-5.315453720157841,1.438807138442698,[-5.315453720157841 1.438807138442698],0.5,False,True,1.3085219911306178,97,33.2752652951703,80.909,in_progress,0.0,0
37,11.0,3.6839990775894513,-1.8885218530840038,80.95212891838702,3.2883442507562677,3.0,[3.2883442507562677 3.0],0.1,False,True,1.5204870117640046,97,33.2752652951703,80.969,in_progress,0.0,0
37,12.0,3.7068806847661913,-1.7953427374057163,79.32038889797715,30.0,2.0485463637646584,[30.0 2.0485463637646584],0.1,False,True,1.7273749890296841,97,33.2752652951703,81.041,in_progress,0.0,0
37,13.0,3.7165698498297792,-1.6835759677306257,81.6389795098696,-2.193015059902198,1.4683731457493323,[-2.193015059902198 1.4683731457493323],0.1,False,True,1.7347687301787484,97,33.2752652951703,81.111,in_progress,0.0,0
37,14.0,3.7177680244132496,-1.57383262599803,84.82716134675202,17.902054372665198,1.0,[17.902054372665198 1.0],0.001,False,False,1.8782917882067873,97,33.2752652951703,81.177,in_progress,0.0,0
37,15.0,3.721514292865643,-1.4661014902575542,86.13329356275376,3.7702109336113736,2.202973543471326,[3.7702109336113736 2.202973543471326],0.001,False,False,2.093305218503594,97,33.2752652951703,81.245,in_progress,0.0,0
37,16.0,3.7183284026762857,-1.3549306349065624,88.33266668867432,-30.0,2.1039724105678426,[-30.0 2.1039724105678426],0.001,False,False,2.3305367875764538,98,33.2752652951703,81.306,in_progress,0.0,0
37,17.0,3.7210150131650797,-1.2502733385431015,88.42978788325357,-2.865470840092808,1.4930693615955581,[-2.865470840092808 1.4930693615955581],0.001,True,False,2.5414896992506653,98,33.2752652951703,81.379,off_track,0.0,0
38,1.0,2.3427528436109855,-1.408510680961878,148.20714335588355,-7.861161524367155,1.5782180642173746,[-7.861161524367155 1.5782180642173746],0.0,False,True,0.42066096678654574,101,33.2752652951703,81.522,prepare,0.0,0
38,2.0,2.3429057258094566,-1.4086008550030815,148.2027235168726,-27.936654364838837,1.0962518433777282,[-27.936654364838837 1.0962518433777282],1.0,False,True,0.42013547563122255,101,33.2752652951703,81.579,in_progress,0.0,0
38,3.0,2.3399374952806062,-1.4046156471570064,147.81316634011307,-2.541973231689383,3.0,[-2.541973231689383 3.0],1.0,False,True,0.4346919417039463,101,33.2752652951703,81.636,in_progress,0.0,0
38,4.0,2.3298889192939285,-1.3906613824789809,146.37944892414245,-23.26787379958413,3.0,[-23.26787379958413 3.0],1.0,False,True,0.4848729160392251,101,33.2752652951703,81.718,in_progress,0.0,0
38,5.0,2.3081591516260103,-1.3630789132307162,143.8500628702328,26.210210039649894,1.0712434500551469,[26.210210039649894 1.0712434500551469],1.0,False,True,0.5883348118384535,101,33.2752652951703,81.778,in_progress,0.0,0
38,6.0,2.2813588194689998,-1.3298253639225448,141.0009487633522,30.0,3.0,[30.0 3.0],1.0,False,True,0.714448157829195,101,33.2752652951703,81.843,in_progress,0.0,0
38,7.0,2.238515652915634,-1.3000083109428813,141.91600789538387,-24.087280308524875,2.2592926506096473,[-24.087280308524875 2.2592926506096473],1.0,False,True,0.8705700145176798,102,33.2752652951703,81.905,in_progress,0.0,0
38,8.0,2.186711866240079,-1.2657561967292266,143.15087461251338,-17.201994547991585,1.461480997231851,[-17.201994547991585 1.461480997231851],1.0,False,True,1.0558350049246545,102,33.2752652951703,81.963,in_progress,0.0,0
38,9.0,2.138368457354152,-1.2058396492398413,138.95598176660567,-30.0,1.0,[-30.0 1.0],1.0,False,True,1.2886089420807156,102,33.2752652951703,82.041,in_progress,0.0,0
38,10.0,2.098492390252434,-1.140971443274052,133.96824590744308,30.0,1.0,[30.0 1.0],1.0,False,True,1.5119582390287212,102,33.2752652951703,82.106,in_progress,0.0,0
38,11.0,2.059245167058957,-1.079454502911408,130.6555982010016,13.886703619036012,1.6440803628827676,[13.886703619036012 1.6440803628827676],1.0,False,True,1.7267645931908215,102,33.2752652951703,82.171,in_progress,0.0,0
38,12.0,2.0002517221803453,-1.020512714512753,131.93890395860822,-22.11803718691994,1.2493310609446269,[-22.11803718691994 1.2493310609446269],1.0,False,True,1.9773502221052008,103,33.2752652951703,82.241,in_progress,0.0,0
38,13.0,1.942924281215908,-0.9607285032350913,132.52161305136983,10.592533962807494,3.0,[10.592533962807494 3.0],1.0,False,True,2.2308649514291456,103,33.2752652951703,82.313,in_progress,0.0,0
38,14.0,1.8733422413416714,-0.8849932727711483,132.77330027498658,30.0,1.0,[30.0 1.0],1.0,False,True,2.5399419931481426,103,33.2752652951703,82.384,in_progress,0.0,0
38,15.0,1.7977994712659275,-0.8269175678830452,136.23822339713013,-0.6851099187098839,1.0,[-0.6851099187098839 1.0],1.0,False,True,2.821877048168542,104,33.2752652951703,82.444,in_progress,0.0,0
38,16.0,1.7303265045589307,-0.7799112872745408,139.11994256174896,30.0,1.0264033626981042,[30.0 1.0264033626981042],1.0,False,True,3.0628907297295505,104,33.2752652951703,82.516,in_progress,0.0,0
38,17.0,1.6663879452027845,-0.732353750113568,140.4198952701382,3.7534472594875297,2.793476131773225,[3.7534472594875297 2.793476131773225],1.0,False,True,3.297889638108109,104,33.2752652951703,82.573,in_progress,0.0,0
38,18.0,1.6022132391219257,-0.6861648817781656,141.55161135054436,9.169829145823712,1.882856049992388,[9.169829145823712 1.882856049992388],1.0,False,True,3.5296961336554356,104,33.2752652951703,82.641,in_progress,0.0,0
38,19.0,1.5241218393979938,-0.6430214835485994,144.73652663771992,30.0,3.0,[30.0 3.0],1.0,False,True,3.782397892735856,105,33.2752652951703,82.707,in_progress,0.0,0
38,20.0,1.4208752390227721,-0.6020444087799486,150.49915419239053,-20.057387017357794,1.951016033918282,[-20.057387017357794 1.951016033918282],0.5,False,True,4.078122758681902,105,33.2752652951703,82.776,in_progress,0.0,0
38,21.0,1.3195152423059782,-0.5685784229333037,155.32153072868803,30.0,1.6898762509309668,[30.0 1.6898762509309668],0.5,False,True,4.354229397235376,105,33.2752652951703,82.836,in_progress,0.0,0
38,22.0,1.2185671570861356,-0.5256399998729462,156.05701247862075,7.538531694998412,2.2898257650284037,[7.538531694998412 2.2898257650284037],0.5,False,True,4.650964883147846,106,33.2752652951703,82.903,in_progress,0.0,0
38,23.0,1.0976982065460914,-0.4895556734901337,159.33847732076669,26.12997940799142,1.556619604610907,[26.12997940799142 1.556619604610907],0.1,False,True,4.973929286669954,106,33.2752652951703,82.982,in_progress,0.0,0
38,24.0,0.9739052872392366,-0.4643035187705946,163.46505636182067,15.45161151225524,1.6249753914022682,[15.45161151225524 1.6249753914022682],0.1,False,True,5.27645610011681,106,33.2752652951703,83.044,in_progress,0.0,0
38,25.0,0.8574049357079754,-0.4489338619442398,167.30979926820257,7.222169934466692,1.6207424089821434,[7.222169934466692 1.6207424089821434],0.1,False,True,5.542206100711711,107,33.2752652951703,83.106,in_progress,0.0,0
38,26.0,0.7451681130740857,-0.44214910152505227,171.08841352859508,19.394257924155568,1.0,[19.394257924155568 1.0],0.001,False,False,5.780116449226758,107,33.2752652951703,83.175,in_progress,0.0,0
38,27.0,0.6383863766622093,-0.4455969017430173,175.33646909770897,-30.0,1.0196196138281763,[-30.0 1.0196196138281763],0.001,False,False,5.9894890742727025,107,33.2752652951703,83.237,in_progress,0.0,0
38,28.0,0.545527004296114,-0.45370650857986633,178.8670618900502,-11.685727841425926,1.6932727995293182,[-11.685727841425926 1.6932727995293182],0.001,False,False,6.156029590424216,107,33.2752652951703,83.309,in_progress,0.0,0
38,29.0,0.44800817725711195,-0.44916454974813796,178.2252322976865,30.0,1.9631146233125425,[30.0 1.9631146233125425],0.001,True,False,6.3603324422555785,108,33.2752652951703,83.375,off_track,0.0,0
39,1.0,1.2016087954635777,-0.20019899966638033,131.32810847104898,-3.11643688805205,2.9155436481972594,[-3.11643688805205 2.9155436481972594],0.0,False,True,0.4211991145498528,107,33.2752652951703,83.514,prepare,0.0,0
39,2.0,1.2018631500436003,-0.20018205417859886,131.29401704307358,12.594756584226488,2.7145512935799903,[12.594756584226488 2.7145512935799903],1.0,False,True,0.4207329340821908,107,33.2752652951703,83.587,in_progress,0.0,0
39,3.0,1.1961265593797004,-0.19358448651588633,131.2899750039261,30.0,1.3248767061450035,[30.0 1.3248767061450035],1.0,False,True,0.44700674408350016,107,33.2752652951703,83.645,in_progress,0.0,0
39,4.0,1.1761986343947588,-0.1889336360854172,134.08455553588797,-30.0,1.4167214528669794,[-30.0 1.4167214528669794],1.0,False,True,0.49702959986079875,107,33.2752652951703,83.704,in_progress,0.0,0
39,5.0,1.1504673841901312,-0.17561979084837848,136.2860630569806,17.473835550368335,1.2464353736193017,[17.473835550368335 1.2464353736193017],1.0,False,True,0.5781222104366157,107,33.2752652951703,83.771,in_progress,0.0,0
39,6.0,1.1249246956599233,-0.15024455086496258,136.05418719238537,-9.535159435064827,1.4412470566572235,[-9.535159435064827 1.4412470566572235],1.0,False,True,0.6860746767512582,107,33.2752652951703,83.842,in_progress,0.0,0
39,7.0,1.0836965074481157,-0.1168641420390686,137.08159297286699,-23.375401915238015,3.0,[-23.375401915238015 3.0],1.0,False,True,0.8435211226018646,107,33.2752652951703,83.905,in_progress,0.0,0
39,8.0,1.0418012025855834,-0.07178313656029656,136.00510079981677,-30.0,2.6211829041390535,[-30.0 2.6211829041390535],1.0,False,True,1.0284138160043366,107,33.2752652951703,83.979,in_progress,0.0,0
39,9.0,0.9930258391644045,0.004820029665206546,131.29604677429154,21.09733496431356,2.0116444011183447,[21.09733496431356 2.0116444011183447],1.0,False,True,1.2979818704095036,108,33.2752652951703,84.036,in_progress,0.0,0
39,10.0,0.9515317443870771,0.0725710911547032,128.20364867859607,-30.0,1.798225829670772,[-30.0 1.798225829670772],1.0,False,True,1.5331256547531424,108,33.2752652951703,84.108,in_progress,0.0,0
39,11.0,0.8923769045428197,0.1580189015740609,126.7315194518398,-30.0,2.692081500982097,[-30.0 2.692081500982097],1.0,False,True,1.8432370285348054,108,33.2752652951703,84.186,in_progress,0.0,0
39,12.0,0.8419423251474233,0.2682635974748695,121.2186377438084,-30.0,1.9593508952521637,[-30.0 1.9593508952521637],1.0,False,True,2.1916473836805617,108,33.2752652951703,84.24,in_progress,0.0,0
39,13.0,0.8089803413264264,0.3776796686894443,114.97928633826034,30.0,2.8508481788677464,[30.0 2.8508481788677464],1.0,False,True,2.5033426840868955,109,33.2752652951703,84.315,in_progress,0.0,0
39,14.0,0.7696165805133255,0.5025835638528104,110.74594298947684,-16.19840910081073,1.0,[-16.19840910081073 1.0],0.5,False,True,2.8626834784332034,109,33.2752652951703,84.385,in_progress,0.0,0
39,15.0,0.7211163694058915,0.6158139203006566,111.47125799210242,-30.0,2.7269639537324455,[-30.0 2.7269639537324455],0.5,False,True,3.213963618169513,110,33.2752652951703,84.454,in_progress,0.0,0
39,16.0,0.6866355920200131,0.7318857101532162,109.21781050745524,30.0,1.260967456010822,[30.0 1.260967456010822],0.5,False,True,3.5436717172210863,110,33.2752652951703,84.515,in_progress,0.0,0
39,17.0,0.660380524426235,0.8459585721905654,105.85878394510368,19.312143387110325,2.5051498617297367,[19.312143387110325 2.5051498617297367],0.1,False,True,3.8520774437432292,110,33.2752652951703,84.582,in_progress,0.0,0
39,18.0,0.6242801670024736,0.9533723560493759,107.06591782913226,-29.96893041965783,2.5402602258433244,[-29.96893041965783 2.5402602258433244],0.1,False,True,4.165489451442661,111,33.2752652951703,84.638,in_progress,0.0,0
39,19.0,0.5807025538337874,1.067256625042972,108.68274636297018,-17.452707722513836,1.2113469451018435,[-17.452707722513836 1.2113469451018435],0.1,False,True,4.505733502808784,111,33.2752652951703,84.693,in_progress,0.0,0
39,20.0,0.5514403814451676,1.182075461840058,106.75022531228231,5.637682775898163,1.7346747416189159,[5.637682775898163 1.7346747416189159],0.1,False,False,4.821759460899456,112,33.2752652951703,84.776,in_progress,0.0,0
39,21.0,0.5208340598543817,1.3055708888012325,105.55291210295375,28.131284741003178,2.899689161198277,[28.131284741003178 2.899689161198277],0.001,False,False,5.159931952902227,0,33.2752652951703,84.842,in_progress,0.0,0
39,22.0,0.47368813656017816,1.4321133452825887,108.03978657124489,-8.049260416708332,1.0,[-8.049260416708332 1.0],0.001,False,False,5.5187689177381,1,33.2752652951703,84.908,in_progress,0.0,0
39,23.0,0.4219508728576916,1.5514393662361199,111.54140656810992,-30.0,3.0,[-30.0 3.0],0.001,False,False,5.888381060578936,2,33.2752652951703,84.979,in_progress,0.0,0
39,24.0,0.3830505141847696,1.6617356511406278,110.65192694086498,-30.0,3.0,[-30.0 3.0],0.001,False,False,6.211937550565409,3,33.2752652951703,85.036,in_progress,0.0,0
39,25.0,0.3538461331488679,1.7963879311200603,106.5983529213629,-5.002243317212226,2.212037020726514,[-5.002243317212226 2.212037020726514],0.001,True,False,6.595233854491838,3,33.2752652951703,85.116,off_track,0.0,0
